{"stat.craftItem.minecraft.diamond_chestplate":1,"stat.pickup.minecraft.wooden_slab":6,"stat.craftItem.minecraft.diamond_leggings":1,"stat.horseOneCm":65342,"stat.leaveGame":8,"stat.mineBlock.minecraft.cobblestone":42,"stat.pickup.silentgems.guide_book":1,"stat.useItem.hammertime.itemaxediamond":11,"stat.pickup.minecraft.flint":14,"stat.pickup.silentgems.sword":7,"stat.killEntity.vampirism.vampire":6,"stat.useItem.minecraft.diamond_sword":250,"stat.drop.hammertime.itemhammerdiamond":1,"stat.craftItem.minecraft.diamond_helmet":1,"stat.killEntity.PigZombie":1,"stat.swimOneCm":52607,"stat.climbOneCm":1277,"stat.useItem.minecraft.planks":197,"stat.craftItem.minecraft.shield":2,"stat.mineBlock.minecraft.web":26,"stat.pickup.minecraft.cooked_porkchop":1,"stat.mineBlock.quark.roots":2,"stat.pickup.vampirism.blood_bottle":4,"stat.useItem.minecraft.stone_slab2":9,"stat.pickup.minecraft.iron_boots":2,"stat.mineBlock.minecraft.stone_brick_stairs":1,"stat.pickup.minecraft.rotten_flesh":17,"stat.pickup.minecraft.sand":9,"stat.craftItem.minecraft.cooked_beef":12,"stat.pickup.simpleores.copper_ore":1,"stat.pickup.minecraft.cobblestone":2035,"stat.mineBlock.minecraft.wooden_slab":4,"stat.mineBlock.minecraft.clay":2,"stat.flyOneCm":880812,"stat.mineBlock.minecraft.sand":13,"stat.craftItem.minecraft.wooden_slab":24,"stat.useItem.minecraft.cooked_beef":8,"stat.pickup.minecraft.redstone":196,"stat.mineBlock.minecraft.iron_ore":4,"stat.timeSinceDeath":2379,"stat.pickup.vampirism.vampire_book":1,"stat.useItem.minecraft.wooden_slab":28,"stat.entityKilledBy.vampirism.vampire":2,"stat.craftItem.silentgems.gemshard":9,"stat.useItem.minecraft.potato":3,"stat.pickup.minecraft.chainmail_helmet":2,"stat.furnaceInteraction":15,"stat.useItem.minecraft.cooked_porkchop":29,"stat.killEntity.Creeper":3,"stat.pickup.quark.crystal":1,"stat.pickup.minecraft.string":88,"stat.pickup.minecraft.furnace":3,"stat.entityKilledBy.Skeleton":1,"stat.craftItem.minecraft.stone_slab2":0,"stat.sprintOneCm":412312,"stat.mineBlock.minecraft.stone_slab":1,"stat.craftItem.minecraft.stick":8,"stat.pickup.hammertime.itemhammerdiamond":2,"stat.pickup.mowziesmobs.foliaath_seed":21,"stat.craftItem.minecraft.stone":16,"stat.mineBlock.simpleores.tin_ore":6,"stat.mineBlock.minecraft.diamond_ore":14,"stat.mineBlock.minecraft.crafting_table":2,"stat.useItem.minecraft.diamond_pickaxe":615,"stat.pickup.minecraft.emerald":6,"stat.pickup.minecraft.saddle":1,"stat.mineBlock.quark.crystal":9,"stat.entityKilledBy.Creeper":1,"stat.deaths":9,"stat.mineBlock.minecraft.planks":37,"stat.drop":7,"stat.drop.silentgems.sword":3,"stat.playOneMinute":251396,"stat.craftItem.silentgems.sword":2,"stat.killEntity.Zombie":18,"stat.mineBlock.minecraft.gold_ore":1,"stat.mineBlock.minecraft.tallgrass":5,"stat.drop.minecraft.diamond_pickaxe":1,"stat.diveOneCm":124324,"stat.pickup.hammertime.itemshoveldiamond":1,"stat.chestOpened":8,"stat.mineBlock.minecraft.mossy_cobblestone":8,"stat.useItem.minecraft.diamond_axe":98,"stat.craftItem.silentgems.pickaxe":1,"stat.useItem.silentgems.pickaxe":2,"stat.useItem.minecraft.rotten_flesh":1,"stat.drop.minecraft.cooked_porkchop":1,"stat.pickup.minecraft.diamond_sword":3,"stat.craftItem.minecraft.diamond_sword":1,"stat.jump":4521,"stat.fallOneCm":91302,"stat.pickup.simpleores.tin_ore":9,"stat.pickup.minecraft.carrot":2,"stat.drop.minecraft.diamond_sword":1,"stat.pickup.minecraft.gunpowder":5,"stat.crouchOneCm":47465,"stat.pickup.minecraft.spider_eye":28,"stat.pickup.minecraft.dirt":27,"stat.pickup.vampirism.vampire_fang":1,"stat.pickup.minecraft.iron_ore":22,"stat.craftingTableInteraction":26,"stat.useItem.minecraft.glass":3,"stat.pickup.minecraft.jungle_door":1,"stat.mineBlock.silentgems.gemore":23,"stat.pickup.minecraft.iron_axe":2,"stat.pickup.quark.custom_chest":2,"stat.damageTaken":8352,"stat.mineBlock.minecraft.torch":1,"stat.pickup.minecraft.dye":35,"stat.pickup.minecraft.planks":107,"stat.craftItem.silentgems.gem":1,"stat.pickup.minecraft.reeds":58,"stat.pickup.minecraft.iron_leggings":2,"stat.pickup.minecraft.wheat_seeds":21,"stat.pickup.minecraft.potato":3,"stat.mineBlock.simpleores.mythril_ore":1,"stat.pickup.minecraft.diamond_axe":3,"stat.mineBlock.minecraft.gravel":28,"stat.damageDealt":81432,"stat.craftItem.minecraft.glass":4,"stat.pickup.silentgems.soulgem":1,"stat.mineBlock.minecraft.dirt":1,"stat.pickup.minecraft.chainmail_boots":1,"stat.mineBlock.simpleores.copper_ore":1,"stat.walkOneCm":699443,"stat.pickup.minecraft.golden_apple":1,"stat.pickup.minecraft.diamond_pickaxe":2,"stat.pickup.simpleores.mythril_ore":1,"stat.useItem.minecraft.log":209,"stat.pickup.minecraft.crafting_table":1,"stat.useItem.minecraft.cobblestone":207,"stat.craftItem.minecraft.crafting_table":3,"stat.mineBlock.quark.stone_speleothem":2,"stat.mineBlock.minecraft.emerald_ore":2,"stat.useItem.silentgems.sword":30,"stat.pickup.minecraft.log":1427,"stat.pickup.hammertime.itemaxediamond":1,"stat.craftItem.minecraft.diamond_boots":1,"stat.useItem.scalinghealth.heartcontainer":1,"stat.pickup.minecraft.iron_pickaxe":1,"stat.pickup.minecraft.stone":424,"stat.craftItem.hammertime.itemhammerdiamond":1,"stat.pickup.minecraft.baked_potato":32,"stat.pickup.scalinghealth.heartcontainer":1,"stat.pickup.minecraft.chainmail_leggings":1,"stat.killEntity.vampirism.advanced_vampire":2,"stat.pickup.minecraft.apple":4,"stat.killEntity.Skeleton":3,"stat.pickup.silentgems.gem":63,"stat.mineBlock.minecraft.stonebrick":23,"stat.craftItem.minecraft.planks":676,"stat.killEntity.Spider":140,"stat.mobKills":225,"stat.mineBlock.minecraft.log":37,"stat.pickup.minecraft.diamond":38,"stat.mineBlock.minecraft.leaves":1,"stat.sneakTime":12472,"stat.useItem.minecraft.baked_potato":32,"stat.mineBlock.minecraft.stone":454,"stat.pickup.minecraft.chest":1}