{"stat.pickup.minecraft.wooden_slab":6,"stat.leaveGame":4,"stat.mineBlock.minecraft.cobblestone":42,"stat.useItem.hammertime.itemaxediamond":6,"stat.pickup.minecraft.flint":14,"stat.pickup.silentgems.sword":1,"stat.killEntity.vampirism.vampire":3,"stat.useItem.minecraft.diamond_sword":145,"stat.drop.hammertime.itemhammerdiamond":1,"stat.killEntity.PigZombie":1,"stat.swimOneCm":37303,"stat.climbOneCm":134,"stat.useItem.minecraft.planks":197,"stat.craftItem.minecraft.shield":1,"stat.pickup.minecraft.cooked_porkchop":1,"stat.mineBlock.quark.roots":2,"stat.useItem.minecraft.stone_slab2":9,"stat.mineBlock.minecraft.stone_brick_stairs":1,"stat.pickup.minecraft.rotten_flesh":7,"stat.pickup.minecraft.sand":9,"stat.pickup.simpleores.copper_ore":1,"stat.pickup.minecraft.cobblestone":1521,"stat.mineBlock.minecraft.wooden_slab":4,"stat.mineBlock.minecraft.clay":2,"stat.flyOneCm":406899,"stat.mineBlock.minecraft.sand":13,"stat.craftItem.minecraft.wooden_slab":24,"stat.pickup.minecraft.redstone":68,"stat.mineBlock.minecraft.iron_ore":4,"stat.timeSinceDeath":7022,"stat.useItem.minecraft.wooden_slab":28,"stat.entityKilledBy.vampirism.vampire":2,"stat.furnaceInteraction":8,"stat.useItem.minecraft.cooked_porkchop":21,"stat.killEntity.Creeper":1,"stat.pickup.quark.crystal":1,"stat.entityKilledBy.Skeleton":1,"stat.craftItem.minecraft.stone_slab2":0,"stat.sprintOneCm":194645,"stat.mineBlock.minecraft.stone_slab":1,"stat.pickup.hammertime.itemhammerdiamond":2,"stat.pickup.mowziesmobs.foliaath_seed":15,"stat.mineBlock.simpleores.tin_ore":6,"stat.mineBlock.minecraft.diamond_ore":14,"stat.mineBlock.minecraft.crafting_table":2,"stat.useItem.minecraft.diamond_pickaxe":615,"stat.pickup.minecraft.emerald":6,"stat.mineBlock.quark.crystal":9,"stat.entityKilledBy.Creeper":1,"stat.deaths":6,"stat.mineBlock.minecraft.planks":37,"stat.drop":5,"stat.drop.silentgems.sword":1,"stat.playOneMinute":107245,"stat.killEntity.Zombie":12,"stat.mineBlock.minecraft.gold_ore":1,"stat.mineBlock.minecraft.tallgrass":2,"stat.drop.minecraft.diamond_pickaxe":1,"stat.diveOneCm":93316,"stat.pickup.hammertime.itemshoveldiamond":1,"stat.chestOpened":6,"stat.mineBlock.minecraft.mossy_cobblestone":8,"stat.useItem.minecraft.diamond_axe":98,"stat.useItem.minecraft.rotten_flesh":1,"stat.drop.minecraft.cooked_porkchop":1,"stat.pickup.minecraft.diamond_sword":3,"stat.jump":1902,"stat.fallOneCm":37280,"stat.pickup.simpleores.tin_ore":9,"stat.pickup.minecraft.carrot":2,"stat.drop.minecraft.diamond_sword":1,"stat.crouchOneCm":43017,"stat.pickup.minecraft.dirt":24,"stat.pickup.vampirism.vampire_fang":1,"stat.pickup.minecraft.iron_ore":22,"stat.craftingTableInteraction":3,"stat.useItem.minecraft.glass":3,"stat.mineBlock.silentgems.gemore":23,"stat.damageTaken":4637,"stat.mineBlock.minecraft.torch":1,"stat.pickup.minecraft.planks":107,"stat.pickup.minecraft.reeds":58,"stat.mineBlock.simpleores.mythril_ore":1,"stat.pickup.minecraft.diamond_axe":2,"stat.mineBlock.minecraft.gravel":28,"stat.damageDealt":11181,"stat.craftItem.minecraft.glass":4,"stat.pickup.minecraft.chainmail_boots":1,"stat.mineBlock.simpleores.copper_ore":1,"stat.walkOneCm":414486,"stat.pickup.minecraft.diamond_pickaxe":2,"stat.pickup.simpleores.mythril_ore":1,"stat.useItem.minecraft.log":207,"stat.pickup.minecraft.crafting_table":1,"stat.useItem.minecraft.cobblestone":201,"stat.craftItem.minecraft.crafting_table":3,"stat.mineBlock.quark.stone_speleothem":2,"stat.mineBlock.minecraft.emerald_ore":2,"stat.pickup.minecraft.log":1425,"stat.pickup.hammertime.itemaxediamond":1,"stat.pickup.minecraft.stone":218,"stat.killEntity.vampirism.advanced_vampire":1,"stat.killEntity.Skeleton":1,"stat.pickup.silentgems.gem":63,"stat.mineBlock.minecraft.stonebrick":23,"stat.craftItem.minecraft.planks":412,"stat.killEntity.Spider":6,"stat.mobKills":39,"stat.mineBlock.minecraft.log":37,"stat.pickup.minecraft.diamond":38,"stat.sneakTime":9457,"stat.mineBlock.minecraft.stone":445}