{"stat.useItem.minecraft.bow":36,"stat.pickup.minecraft.wooden_slab":564,"stat.leaveGame":23,"stat.pickup.silentgems.guide_book":3,"stat.killEntity.vampirism.vampire":24,"stat.mineBlock.minecraft.sandstone":3,"stat.mineBlock.minecraft.web":53,"stat.drop.minecraft.iron_sword":1,"stat.pickup.minecraft.rotten_flesh":107,"stat.craftItem.minecraft.stone_axe":2,"stat.pickup.minecraft.cobblestone_wall":39,"stat.killEntity.Enderman":1,"stat.mineBlock.minecraft.wooden_slab":386,"stat.pickup.minecraft.brown_mushroom":17,"stat.pickup.quark.tallow":59,"stat.pickup.vampirism.church_altar":2,"stat.useItem.minecraft.spider_eye":38,"stat.pickup.minecraft.double_plant":1,"stat.craftItem.minecraft.bed":1,"stat.mineBlock.minecraft.vine":120,"stat.furnaceInteraction":336,"stat.killEntity.ZombieVillager":3,"stat.pickup.minecraft.beef":124,"stat.drop.silentgems.guide_book":2,"stat.useItem.minecraft.flint_and_steel":1,"stat.useItem.minecraft.dye":42,"stat.craftItem.hammertime.itemshoveliron":1,"stat.deaths":12,"stat.pickup.minecraft.egg":4,"stat.mineBlock.minecraft.tallgrass":186,"stat.pickup.bountifulbaubles.potionwormhole":4,"stat.pickup.minecraft.cooked_mutton":1,"stat.chestOpened":57,"stat.craftItem.minecraft.sign":12,"stat.useItem.minecraft.stone":174,"stat.pickup.minecraft.arrow":44,"stat.pickup.minecraft.iron_sword":3,"stat.pickup.minecraft.gold_nugget":3,"stat.craftItem.minecraft.coal":12,"stat.pickup.minecraft.carrot":24,"stat.crouchOneCm":538523,"stat.mineBlock.minecraft.chest":6,"stat.craftItem.minecraft.iron_ingot":33,"stat.craftingTableInteraction":152,"stat.pickup.minecraft.jungle_door":3,"stat.drop.quark.tallow":1,"stat.useItem.minecraft.reeds":50,"stat.craftItem.silentgems.food":1,"stat.pickup.minecraft.dye":380,"stat.pickup.minecraft.planks":108,"stat.drop.silentgems.gem":4,"stat.craftItem.hammertime.itemaxewood":1,"stat.pickup.minecraft.wheat_seeds":92,"stat.mineBlock.minecraft.glass":1,"stat.pickup.silentgems.soulgem":26,"stat.mineBlock.minecraft.dirt":606,"stat.pickup.minecraft.poisonous_potato":3,"stat.useItem.minecraft.cobblestone":1412,"stat.useItem.hammertime.itemhammerstone":3,"stat.craftItem.hammertime.itemshoveldiamond":2,"stat.pickup.minecraft.iron_pickaxe":2,"stat.craftItem.hammertime.itemaxediamond":2,"stat.pickup.minecraft.chicken":6,"stat.killEntity.vampirism.advanced_vampire":2,"stat.useItem.minecraft.tallgrass":1,"stat.pickup.minecraft.apple":33,"stat.craftItem.minecraft.bucket":2,"stat.craftItem.minecraft.planks":1940,"stat.useItem.minecraft.iron_sword":29,"stat.pickup.minecraft.book":4,"stat.useItem.minecraft.stonebrick":1397,"stat.mineBlock.minecraft.log":219,"stat.useItem.minecraft.spruce_door":1,"stat.pickup.minecraft.red_flower":9,"stat.pickup.minecraft.wool":30,"stat.useItem.minecraft.wooden_axe":39,"stat.pickup.quark.pickarang":1,"stat.drop.scalinghealth.heartcontainer":1,"stat.craftItem.minecraft.spruce_door":3,"stat.drop.hammertime.itemaxestone":1,"stat.craftItem.minecraft.diamond_leggings":2,"stat.useItem.minecraft.iron_axe":469,"stat.mineBlock.minecraft.cobblestone":292,"stat.pickup.minecraft.flint":66,"stat.mineBlock.minecraft.yellow_flower":2,"stat.pickup.quark.diamond_heart":1,"stat.pickup.howlingmoon.wolfsbane":4,"stat.craftItem.minecraft.wool":30,"stat.pickup.minecraft.cooked_porkchop":37,"stat.useItem.minecraft.obsidian":20,"stat.useItem.minecraft.cookie":1,"stat.useItem.minecraft.stone_slab2":1864,"stat.pickup.minecraft.bow":2,"stat.pickup.minecraft.iron_boots":10,"stat.craftItem.minecraft.furnace":11,"stat.craftItem.minecraft.cooked_beef":60,"stat.mineBlock.minecraft.obsidian":12,"stat.pickup.simpleores.copper_ore":12,"stat.pickup.minecraft.diamond_leggings":2,"stat.flyOneCm":1562927,"stat.timeSinceDeath":29652,"stat.useItem.minecraft.wooden_slab":1252,"stat.craftItem.minecraft.stonebrick":2024,"stat.useItem.minecraft.potato":25,"stat.pickup.minecraft.chainmail_helmet":3,"stat.mineBlock.minecraft.enchanting_table":1,"stat.mineBlock.minecraft.coal_ore":113,"stat.pickup.minecraft.shield":3,"stat.killEntity.Creeper":14,"stat.drop.minecraft.baked_potato":1,"stat.pickup.hammertime.itemhammerwood":2,"stat.pickup.minecraft.string":484,"stat.drop.usefulbackpacks.backpack":1,"stat.entityKilledBy.Skeleton":1,"stat.sprintOneCm":1892190,"stat.pickup.vampirism.vampire_blood_bottle":2,"stat.mineBlock.minecraft.stone_slab":40,"stat.craftItem.minecraft.wooden_axe":1,"stat.pickup.hammertime.itemhammerdiamond":3,"stat.mineBlock.minecraft.diamond_ore":32,"stat.pickup.simpleores.onyx_gem":6,"stat.pickup.minecraft.vine":10,"stat.drop.silentgems.sword":10,"stat.useItem.minecraft.ladder":4,"stat.pickup.minecraft.iron_block":1,"stat.killEntity.Zombie":62,"stat.craftItem.minecraft.dye":63,"stat.craftItem.minecraft.diamond_axe":2,"stat.mineBlock.minecraft.gold_ore":4,"stat.diveOneCm":150103,"stat.drop.minecraft.diamond_pickaxe":6,"stat.mineBlock.minecraft.mossy_cobblestone":2,"stat.craftItem.minecraft.ladder":6,"stat.craftItem.minecraft.cooked_porkchop":5,"stat.pickup.minecraft.stone_axe":1,"stat.pickup.minecraft.obsidian":34,"stat.useItem.minecraft.rotten_flesh":28,"stat.craftItem.minecraft.diamond_sword":1,"stat.jump":10128,"stat.useItem.minecraft.sand":155,"stat.pickup.minecraft.coal":666,"stat.pickup.minecraft.iron_ingot":5,"stat.drop.minecraft.diamond_sword":3,"stat.pickup.minecraft.gunpowder":23,"stat.craftItem.minecraft.torch":200,"stat.pickup.minecraft.dirt":5909,"stat.useItem.minecraft.glass":99,"stat.pickup.minecraft.gold_ore":23,"stat.useItem.minecraft.sapling":31,"stat.mineBlock.minecraft.lapis_ore":7,"stat.pickup.minecraft.iron_axe":4,"stat.pickup.minecraft.cookie":11,"stat.damageTaken":51950,"stat.useItem.minecraft.stone_brick_stairs":525,"stat.mineBlock.minecraft.torch":56,"stat.mineBlock.minecraft.melon_block":7,"stat.useItem.minecraft.gold_block":8,"stat.pickup.minecraft.ender_eye":1,"stat.pickup.minecraft.bed":1,"stat.pickup.minecraft.potato":257,"stat.pickup.minecraft.diamond_axe":3,"stat.pickup.silentgems.fluffypuffseeds":36,"stat.pickup.hammertime.itemhammeriron":2,"stat.useItem.silentgems.food":1,"stat.craftItem.minecraft.stone_slab":120,"stat.useItem.minecraft.chest":3,"stat.pickup.minecraft.diamond_pickaxe":7,"stat.useItem.silentgems.sword":87,"stat.pickup.bountifulbaubles.potionrecall":1,"stat.useItem.minecraft.melon":24,"stat.drop.minecraft.potato":7,"stat.pickup.scalinghealth.heartcontainer":8,"stat.pickup.silentgems.fluffypuff":63,"stat.pickup.minecraft.ender_pearl":4,"stat.drop.minecraft.wooden_slab":1,"stat.useItem.minecraft.redstone_ore":6,"stat.pickup.minecraft.cooked_beef":42,"stat.useItem.minecraft.netherrack":6,"stat.mineBlock.minecraft.stonebrick":52,"stat.mobKills":724,"stat.pickup.minecraft.diamond_boots":1,"stat.craftItem.minecraft.shears":3,"stat.useItem.minecraft.mossy_cobblestone":33,"stat.useItem.quark.pickarang":9,"stat.useItem.minecraft.cobblestone_wall":94,"stat.pickup.minecraft.diamond":133,"stat.pickup.minecraft.torch":285,"stat.useItem.eplus.decorative_book":2,"stat.entityKilledBy.quark:ashen":1,"stat.craftItem.hammertime.itemaxestone":3,"stat.craftItem.minecraft.spruce_stairs":40,"stat.pickup.minecraft.jungle_boat":2,"stat.useItem.minecraft.string":1,"stat.craftItem.minecraft.iron_axe":1,"stat.pickup.silentgems.sword":26,"stat.drop.hammertime.itemhammerdiamond":2,"stat.useItem.minecraft.planks":993,"stat.pickup.minecraft.porkchop":49,"stat.pickup.minecraft.blaze_powder":3,"stat.pickup.minecraft.glass":60,"stat.drop.minecraft.melon":5,"stat.useItem.minecraft.water_bucket":57,"stat.mineBlock.minecraft.stone_brick_stairs":88,"stat.pickup.minecraft.sand":636,"stat.entityKilledBy.Spider":1,"stat.pickup.minecraft.name_tag":2,"stat.pickup.minecraft.wooden_hoe":3,"stat.craftItem.minecraft.cobblestone_wall":60,"stat.pickup.minecraft.chainmail_chestplate":1,"stat.mineBlock.minecraft.sand":107,"stat.drop.minecraft.diamond":13,"stat.useItem.minecraft.cooked_mutton":1,"stat.pickup.minecraft.furnace":3,"stat.pickup.hammertime.itemshovelstone":2,"stat.pickup.minecraft.iron_chestplate":7,"stat.useItem.minecraft.stone_stairs":311,"stat.pickup.minecraft.stone_stairs":221,"stat.pickup.mowziesmobs.foliaath_seed":74,"stat.craftItem.hammertime.itemhammerwood":1,"stat.playOneMinute":1233010,"stat.craftItem.eplus.advanced_table":1,"stat.pickup.eplus.advanced_table":1,"stat.pickup.minecraft.netherrack":1604,"stat.pickup.silentgems.craftingmaterial":49,"stat.mineBlock.minecraft.gold_block":10,"stat.fallOneCm":143189,"stat.pickup.simpleores.tin_ore":16,"stat.pickup.quark.slate":17,"stat.craftItem.minecraft.chest":4,"stat.pickup.minecraft.melon":47,"stat.pickup.silentgems.glowrose":51,"stat.pickup.minecraft.feather":20,"stat.useItem.minecraft.furnace":8,"stat.pickup.minecraft.iron_leggings":1,"stat.mineBlock.minecraft.gravel":28,"stat.pickup.minecraft.chainmail_boots":4,"stat.pickup.minecraft.record_13":1,"stat.pickup.minecraft.flint_and_steel":1,"stat.useItem.minecraft.torch":342,"stat.craftItem.minecraft.stone_stairs":376,"stat.pickup.minecraft.crafting_table":6,"stat.useItem.minecraft.log":497,"stat.craftItem.minecraft.crafting_table":8,"stat.pickup.minecraft.iron_hoe":1,"stat.pickup.minecraft.log":3720,"stat.mineBlock.eplus.advanced_table":1,"stat.craftItem.hammertime.itemhammerstone":5,"stat.pickup.usefulbackpacks.backpack":3,"stat.pickup.minecraft.tallgrass":40,"stat.craftItem.usefulbackpacks.backpack":2,"stat.drop.minecraft.planks":12,"stat.pickup.minecraft.chainmail_leggings":1,"stat.pickup.minecraft.sapling":621,"stat.drop.hammertime.itemaxediamond":1,"stat.drop.minecraft.bow":1,"stat.pickup.silentgems.machete":1,"stat.pickup.silentgems.gem":4,"stat.pickup.minecraft.diamond_helmet":2,"stat.useItem.minecraft.jungle_door":4,"stat.sneakTime":121674,"stat.mineBlock.minecraft.cobblestone_wall":18,"stat.useItem.minecraft.baked_potato":121,"stat.pickup.minecraft.stone_slab":59,"stat.pickup.minecraft.yellow_flower":11,"stat.drop.hammertime.itemshovelstone":2,"stat.pickup.minecraft.chest":5,"stat.craftItem.minecraft.jungle_door":3,"stat.craftItem.minecraft.enchanting_table":1,"stat.craftItem.minecraft.diamond_chestplate":1,"stat.pickup.minecraft.bone":36,"stat.pickup.minecraft.redstone_torch":2,"stat.pickup.hammertime.itemaxestone":3,"stat.craftItem.minecraft.stone_brick_stairs":448,"stat.mineBlock.minecraft.brown_mushroom":1,"stat.useItem.minecraft.diamond_sword":1,"stat.craftItem.minecraft.diamond_helmet":1,"stat.swimOneCm":156967,"stat.pickup.quark.glass_shards":3,"stat.climbOneCm":19715,"stat.mineBlock.minecraft.spruce_stairs":5,"stat.useItem.minecraft.dirt":1513,"stat.pickup.minecraft.enchanting_table":1,"stat.pickup.minecraft.cobblestone":10406,"stat.pickup.minecraft.gold_block":10,"stat.mineBlock.quark.custom_chest":28,"stat.useItem.minecraft.cooked_beef":39,"stat.craftItem.minecraft.wooden_slab":876,"stat.pickup.minecraft.redstone":122,"stat.mineBlock.minecraft.iron_ore":7,"stat.drop.minecraft.log":23,"stat.useItem.minecraft.sign":11,"stat.pickup.minecraft.mossy_cobblestone":201,"stat.pickup.minecraft.wooden_axe":1,"stat.pickup.minecraft.stonebrick":76,"stat.useItem.minecraft.cooked_porkchop":3,"stat.pickup.minecraft.iron_shovel":6,"stat.pickup.minecraft.carpet":12,"stat.pickup.scalinghealth.healingitem":2,"stat.craftItem.minecraft.stone_slab2":0,"stat.craftItem.quark.pickarang":1,"stat.craftItem.minecraft.stick":176,"stat.useItem.minecraft.stone_slab":146,"stat.craftItem.minecraft.stone":1954,"stat.mineBlock.minecraft.crafting_table":6,"stat.useItem.minecraft.diamond_pickaxe":3084,"stat.useItem.minecraft.carrot":19,"stat.useItem.hammertime.itemhammerdiamond":7,"stat.pickup.minecraft.diamond_chestplate":5,"stat.mineBlock.minecraft.planks":102,"stat.drop":57,"stat.craftItem.hammertime.itemhammeriron":2,"stat.craftItem.minecraft.diamond_pickaxe":2,"stat.drop.quark.pickarang":2,"stat.pickup.minecraft.gravel":35,"stat.drop.minecraft.cooked_beef":15,"stat.useItem.minecraft.diamond_axe":3329,"stat.useItem.minecraft.apple":9,"stat.pickup.minecraft.stone_brick_stairs":91,"stat.pickup.minecraft.diamond_sword":4,"stat.drop.hammertime.itemshoveldiamond":1,"stat.pickup.minecraft.iron_helmet":9,"stat.useItem.minecraft.stone_axe":220,"stat.pickup.minecraft.spider_eye":108,"stat.pickup.vampirism.vampire_fang":12,"stat.pickup.minecraft.iron_ore":106,"stat.craftItem.minecraft.flint_and_steel":1,"stat.pickup.minecraft.leaves":1273,"stat.pickup.quark.custom_chest":26,"stat.mineBlock.minecraft.stone_stairs":220,"stat.pickup.minecraft.leather":44,"stat.mineBlock.minecraft.furnace":4,"stat.pickup.globalxp.xp_block":2,"stat.pickup.minecraft.reeds":304,"stat.damageDealt":251170,"stat.craftItem.minecraft.glass":252,"stat.sleepInBed":2,"stat.craftItem.minecraft.baked_potato":174,"stat.useItem.minecraft.crafting_table":2,"stat.craftItem.hammertime.itemshovelstone":4,"stat.walkOneCm":4227970,"stat.useItem.quark.custom_chest":46,"stat.playerKills":3,"stat.pickup.minecraft.stick":81,"stat.craftItem.quark.custom_chest":33,"stat.drop.hammertime.itemaxewood":1,"stat.killEntity.quark:stoneling":1,"stat.drop.minecraft.diamond_axe":3,"stat.craftItem.minecraft.diamond_boots":1,"stat.useItem.scalinghealth.heartcontainer":6,"stat.pickup.minecraft.stone":2482,"stat.useItem.minecraft.spruce_stairs":38,"stat.useItem.minecraft.leaves":2,"stat.pickup.minecraft.gold_ingot":4,"stat.pickup.eplus.decorative_book":2,"stat.killEntity.Skeleton":21,"stat.killEntity.Spider":499,"stat.pickup.minecraft.quartz":54,"stat.useItem.minecraft.golden_apple":69,"stat.pickup.minecraft.water_bucket":2,"stat.mineBlock.minecraft.leaves":3832,"stat.pickup.minecraft.spruce_stairs":5,"stat.mineBlock.minecraft.redstone_ore":6,"stat.craftItem.minecraft.coal_block":38,"stat.killEntity.quark:ashen":1,"stat.mineBlock.minecraft.stone":2134,"stat.pickup.silentgems.scepter":2,"stat.mineBlock.vampirism.church_altar":2}