{"stat.useItem.minecraft.string":1,"stat.pickup.minecraft.wooden_slab":518,"stat.leaveGame":15,"stat.craftItem.minecraft.iron_axe":1,"stat.pickup.silentgems.sword":14,"stat.killEntity.vampirism.vampire":20,"stat.drop.hammertime.itemhammerdiamond":2,"stat.mineBlock.minecraft.sandstone":3,"stat.useItem.minecraft.planks":29,"stat.mineBlock.minecraft.web":44,"stat.pickup.minecraft.porkchop":49,"stat.drop.minecraft.melon":5,"stat.useItem.minecraft.water_bucket":57,"stat.drop.minecraft.iron_sword":1,"stat.pickup.minecraft.rotten_flesh":62,"stat.pickup.minecraft.sand":264,"stat.entityKilledBy.Spider":1,"stat.craftItem.minecraft.stone_axe":2,"stat.pickup.minecraft.cobblestone_wall":39,"stat.mineBlock.minecraft.wooden_slab":385,"stat.pickup.minecraft.wooden_hoe":2,"stat.craftItem.minecraft.cobblestone_wall":60,"stat.pickup.minecraft.chainmail_chestplate":1,"stat.pickup.minecraft.brown_mushroom":9,"stat.mineBlock.minecraft.sand":107,"stat.pickup.quark.tallow":5,"stat.useItem.minecraft.spider_eye":37,"stat.drop.minecraft.diamond":13,"stat.mineBlock.minecraft.vine":119,"stat.furnaceInteraction":70,"stat.killEntity.ZombieVillager":3,"stat.pickup.minecraft.beef":114,"stat.useItem.minecraft.cooked_mutton":1,"stat.pickup.hammertime.itemshovelstone":1,"stat.pickup.minecraft.iron_chestplate":5,"stat.drop.silentgems.guide_book":2,"stat.useItem.minecraft.stone_stairs":159,"stat.pickup.minecraft.stone_stairs":4,"stat.pickup.mowziesmobs.foliaath_seed":28,"stat.useItem.minecraft.dye":5,"stat.craftItem.hammertime.itemshoveliron":1,"stat.craftItem.hammertime.itemhammerwood":1,"stat.deaths":7,"stat.playOneMinute":798014,"stat.craftItem.eplus.advanced_table":1,"stat.mineBlock.minecraft.tallgrass":176,"stat.pickup.minecraft.netherrack":49,"stat.pickup.bountifulbaubles.potionwormhole":3,"stat.pickup.minecraft.cooked_mutton":1,"stat.chestOpened":23,"stat.craftItem.minecraft.sign":12,"stat.useItem.minecraft.stone":40,"stat.pickup.minecraft.arrow":18,"stat.pickup.minecraft.iron_sword":2,"stat.pickup.silentgems.craftingmaterial":5,"stat.craftItem.minecraft.coal":12,"stat.mineBlock.minecraft.gold_block":1,"stat.fallOneCm":86536,"stat.pickup.minecraft.carrot":18,"stat.crouchOneCm":262624,"stat.mineBlock.minecraft.chest":1,"stat.craftItem.minecraft.iron_ingot":31,"stat.pickup.minecraft.melon":47,"stat.craftingTableInteraction":85,"stat.pickup.minecraft.jungle_door":3,"stat.drop.quark.tallow":1,"stat.useItem.minecraft.furnace":1,"stat.useItem.minecraft.reeds":50,"stat.pickup.minecraft.dye":172,"stat.pickup.minecraft.planks":17,"stat.pickup.minecraft.iron_leggings":1,"stat.drop.silentgems.gem":4,"stat.craftItem.hammertime.itemaxewood":1,"stat.pickup.minecraft.wheat_seeds":55,"stat.mineBlock.minecraft.gravel":4,"stat.pickup.silentgems.soulgem":7,"stat.mineBlock.minecraft.dirt":324,"stat.pickup.minecraft.chainmail_boots":2,"stat.pickup.minecraft.poisonous_potato":1,"stat.useItem.minecraft.torch":172,"stat.craftItem.minecraft.stone_stairs":224,"stat.pickup.minecraft.crafting_table":2,"stat.useItem.minecraft.log":497,"stat.useItem.minecraft.cobblestone":778,"stat.craftItem.minecraft.crafting_table":7,"stat.useItem.hammertime.itemhammerstone":3,"stat.pickup.minecraft.log":2924,"stat.craftItem.hammertime.itemshoveldiamond":1,"stat.pickup.minecraft.iron_pickaxe":2,"stat.craftItem.hammertime.itemaxediamond":2,"stat.craftItem.hammertime.itemhammerstone":5,"stat.pickup.usefulbackpacks.backpack":3,"stat.pickup.minecraft.tallgrass":21,"stat.drop.minecraft.planks":12,"stat.pickup.minecraft.chainmail_leggings":1,"stat.pickup.minecraft.sapling":270,"stat.drop.hammertime.itemaxediamond":1,"stat.useItem.minecraft.tallgrass":1,"stat.pickup.minecraft.apple":24,"stat.drop.minecraft.bow":1,"stat.craftItem.minecraft.bucket":2,"stat.pickup.silentgems.gem":4,"stat.craftItem.minecraft.planks":724,"stat.useItem.minecraft.iron_sword":29,"stat.pickup.minecraft.diamond_helmet":2,"stat.useItem.minecraft.jungle_door":4,"stat.mineBlock.minecraft.log":206,"stat.pickup.minecraft.red_flower":4,"stat.sneakTime":66523,"stat.mineBlock.minecraft.cobblestone_wall":18,"stat.useItem.minecraft.baked_potato":40,"stat.useItem.minecraft.wooden_axe":39,"stat.pickup.minecraft.stone_slab":51,"stat.pickup.minecraft.yellow_flower":8,"stat.drop.hammertime.itemshovelstone":2,"stat.pickup.quark.pickarang":1,"stat.pickup.minecraft.chest":1,"stat.craftItem.minecraft.jungle_door":3,"stat.craftItem.minecraft.enchanting_table":1,"stat.drop.scalinghealth.heartcontainer":1,"stat.craftItem.minecraft.diamond_chestplate":1,"stat.drop.hammertime.itemaxestone":1,"stat.pickup.minecraft.bone":11,"stat.craftItem.minecraft.diamond_leggings":2,"stat.useItem.minecraft.iron_axe":469,"stat.pickup.hammertime.itemaxestone":1,"stat.mineBlock.minecraft.cobblestone":52,"stat.pickup.minecraft.flint":3,"stat.mineBlock.minecraft.yellow_flower":2,"stat.pickup.quark.diamond_heart":1,"stat.mineBlock.minecraft.brown_mushroom":1,"stat.useItem.minecraft.diamond_sword":1,"stat.craftItem.minecraft.diamond_helmet":1,"stat.swimOneCm":141346,"stat.climbOneCm":15660,"stat.pickup.minecraft.cooked_porkchop":37,"stat.useItem.minecraft.obsidian":2,"stat.useItem.minecraft.dirt":1466,"stat.useItem.minecraft.stone_slab2":1730,"stat.pickup.minecraft.bow":2,"stat.pickup.minecraft.iron_boots":3,"stat.craftItem.minecraft.furnace":4,"stat.pickup.minecraft.enchanting_table":1,"stat.craftItem.minecraft.cooked_beef":50,"stat.mineBlock.minecraft.obsidian":2,"stat.pickup.minecraft.cobblestone":5592,"stat.pickup.minecraft.gold_block":1,"stat.pickup.minecraft.diamond_leggings":2,"stat.flyOneCm":1199798,"stat.mineBlock.quark.custom_chest":1,"stat.useItem.minecraft.cooked_beef":35,"stat.craftItem.minecraft.wooden_slab":870,"stat.pickup.minecraft.redstone":43,"stat.mineBlock.minecraft.iron_ore":3,"stat.timeSinceDeath":109753,"stat.drop.minecraft.log":23,"stat.useItem.minecraft.sign":11,"stat.useItem.minecraft.wooden_slab":1248,"stat.pickup.minecraft.mossy_cobblestone":89,"stat.useItem.minecraft.potato":10,"stat.mineBlock.minecraft.enchanting_table":1,"stat.useItem.minecraft.cooked_porkchop":3,"stat.pickup.minecraft.iron_shovel":5,"stat.mineBlock.minecraft.coal_ore":84,"stat.pickup.minecraft.shield":2,"stat.killEntity.Creeper":9,"stat.pickup.minecraft.string":187,"stat.drop.usefulbackpacks.backpack":1,"stat.craftItem.minecraft.stone_slab2":0,"stat.craftItem.quark.pickarang":1,"stat.sprintOneCm":1183443,"stat.pickup.vampirism.vampire_blood_bottle":2,"stat.mineBlock.minecraft.stone_slab":33,"stat.craftItem.minecraft.wooden_axe":1,"stat.craftItem.minecraft.stick":136,"stat.useItem.minecraft.stone_slab":90,"stat.pickup.hammertime.itemhammerdiamond":3,"stat.craftItem.minecraft.stone":26,"stat.mineBlock.minecraft.diamond_ore":28,"stat.mineBlock.minecraft.crafting_table":2,"stat.useItem.minecraft.diamond_pickaxe":554,"stat.useItem.minecraft.carrot":17,"stat.useItem.hammertime.itemhammerdiamond":6,"stat.pickup.minecraft.diamond_chestplate":5,"stat.pickup.minecraft.vine":5,"stat.mineBlock.minecraft.planks":11,"stat.drop":53,"stat.drop.silentgems.sword":7,"stat.craftItem.hammertime.itemhammeriron":2,"stat.craftItem.minecraft.diamond_pickaxe":2,"stat.killEntity.Zombie":41,"stat.drop.quark.pickarang":2,"stat.craftItem.minecraft.dye":6,"stat.craftItem.minecraft.diamond_axe":2,"stat.mineBlock.minecraft.gold_ore":4,"stat.diveOneCm":83182,"stat.drop.minecraft.diamond_pickaxe":6,"stat.mineBlock.minecraft.mossy_cobblestone":2,"stat.pickup.minecraft.gravel":20,"stat.craftItem.minecraft.cooked_porkchop":5,"stat.drop.minecraft.cooked_beef":15,"stat.useItem.minecraft.diamond_axe":2728,"stat.pickup.minecraft.stone_axe":1,"stat.useItem.minecraft.apple":9,"stat.pickup.minecraft.obsidian":4,"stat.useItem.minecraft.rotten_flesh":27,"stat.pickup.minecraft.diamond_sword":4,"stat.craftItem.minecraft.diamond_sword":1,"stat.jump":7386,"stat.useItem.minecraft.sand":95,"stat.drop.hammertime.itemshoveldiamond":1,"stat.pickup.minecraft.coal":385,"stat.pickup.minecraft.iron_helmet":5,"stat.pickup.minecraft.iron_ingot":2,"stat.useItem.minecraft.stone_axe":220,"stat.drop.minecraft.diamond_sword":3,"stat.pickup.minecraft.gunpowder":9,"stat.pickup.minecraft.spider_eye":70,"stat.craftItem.minecraft.torch":108,"stat.pickup.minecraft.dirt":5559,"stat.pickup.vampirism.vampire_fang":5,"stat.pickup.minecraft.iron_ore":48,"stat.pickup.minecraft.gold_ore":10,"stat.mineBlock.minecraft.lapis_ore":6,"stat.pickup.minecraft.leaves":731,"stat.pickup.minecraft.iron_axe":4,"stat.pickup.quark.custom_chest":1,"stat.mineBlock.minecraft.stone_stairs":4,"stat.damageTaken":43540,"stat.mineBlock.minecraft.torch":28,"stat.mineBlock.minecraft.melon_block":7,"stat.pickup.minecraft.ender_eye":1,"stat.pickup.minecraft.reeds":148,"stat.pickup.minecraft.potato":184,"stat.pickup.minecraft.diamond_axe":3,"stat.pickup.silentgems.fluffypuffseeds":19,"stat.damageDealt":147786,"stat.pickup.hammertime.itemhammeriron":1,"stat.craftItem.minecraft.baked_potato":64,"stat.craftItem.hammertime.itemshovelstone":4,"stat.craftItem.minecraft.stone_slab":60,"stat.walkOneCm":2773179,"stat.useItem.quark.custom_chest":8,"stat.playerKills":2,"stat.pickup.minecraft.diamond_pickaxe":7,"stat.craftItem.quark.custom_chest":8,"stat.drop.hammertime.itemaxewood":1,"stat.killEntity.quark:stoneling":1,"stat.useItem.silentgems.sword":72,"stat.drop.minecraft.diamond_axe":3,"stat.pickup.bountifulbaubles.potionrecall":1,"stat.useItem.minecraft.melon":24,"stat.craftItem.minecraft.diamond_boots":1,"stat.useItem.scalinghealth.heartcontainer":3,"stat.pickup.minecraft.stone":844,"stat.drop.minecraft.potato":7,"stat.pickup.scalinghealth.heartcontainer":5,"stat.pickup.silentgems.fluffypuff":11,"stat.pickup.minecraft.ender_pearl":2,"stat.useItem.minecraft.leaves":2,"stat.drop.minecraft.wooden_slab":1,"stat.pickup.minecraft.gold_ingot":4,"stat.useItem.minecraft.netherrack":6,"stat.pickup.eplus.decorative_book":2,"stat.killEntity.Skeleton":15,"stat.killEntity.Spider":358,"stat.mobKills":520,"stat.pickup.minecraft.diamond_boots":1,"stat.pickup.minecraft.quartz":12,"stat.craftItem.minecraft.shears":3,"stat.useItem.minecraft.golden_apple":67,"stat.useItem.minecraft.mossy_cobblestone":33,"stat.useItem.quark.pickarang":9,"stat.useItem.minecraft.cobblestone_wall":94,"stat.pickup.minecraft.diamond":121,"stat.mineBlock.minecraft.leaves":3350,"stat.pickup.minecraft.torch":123,"stat.useItem.eplus.decorative_book":2,"stat.mineBlock.minecraft.redstone_ore":4,"stat.entityKilledBy.quark:ashen":1,"stat.craftItem.hammertime.itemaxestone":3,"stat.killEntity.quark:ashen":1,"stat.mineBlock.minecraft.stone":385,"stat.pickup.silentgems.scepter":1}