{"stat.drop.hammertime.itemaxestone":1,"stat.useItem.minecraft.iron_axe":42,"stat.pickup.hammertime.itemaxestone":1,"stat.leaveGame":5,"stat.mineBlock.minecraft.cobblestone":5,"stat.pickup.minecraft.flint":1,"stat.craftItem.minecraft.iron_axe":1,"stat.pickup.quark.diamond_heart":1,"stat.killEntity.vampirism.vampire":1,"stat.swimOneCm":34399,"stat.climbOneCm":6804,"stat.useItem.minecraft.planks":15,"stat.pickup.minecraft.porkchop":3,"stat.useItem.minecraft.obsidian":2,"stat.drop.minecraft.melon":5,"stat.useItem.minecraft.stone_slab2":89,"stat.pickup.minecraft.rotten_flesh":4,"stat.craftItem.minecraft.furnace":3,"stat.pickup.minecraft.enchanting_table":1,"stat.mineBlock.minecraft.obsidian":2,"stat.pickup.minecraft.cobblestone":1317,"stat.flyOneCm":70020,"stat.mineBlock.quark.custom_chest":1,"stat.pickup.quark.tallow":4,"stat.pickup.minecraft.redstone":26,"stat.timeSinceDeath":40410,"stat.useItem.minecraft.spider_eye":1,"stat.drop.minecraft.log":23,"stat.drop.minecraft.diamond":13,"stat.mineBlock.minecraft.vine":13,"stat.furnaceInteraction":49,"stat.mineBlock.minecraft.enchanting_table":1,"stat.useItem.minecraft.cooked_porkchop":1,"stat.killEntity.ZombieVillager":1,"stat.mineBlock.minecraft.coal_ore":1,"stat.craftItem.minecraft.stone_slab2":0,"stat.craftItem.quark.pickarang":1,"stat.sprintOneCm":71313,"stat.useItem.minecraft.stone_stairs":157,"stat.craftItem.minecraft.wooden_axe":1,"stat.craftItem.minecraft.stick":36,"stat.pickup.minecraft.stone_stairs":4,"stat.craftItem.minecraft.stone":26,"stat.mineBlock.minecraft.crafting_table":1,"stat.useItem.minecraft.diamond_pickaxe":11,"stat.craftItem.hammertime.itemhammerwood":1,"stat.mineBlock.minecraft.planks":5,"stat.deaths":2,"stat.drop":16,"stat.playOneMinute":137900,"stat.craftItem.eplus.advanced_table":1,"stat.craftItem.hammertime.itemhammeriron":1,"stat.craftItem.minecraft.diamond_pickaxe":1,"stat.killEntity.Zombie":3,"stat.drop.quark.pickarang":2,"stat.mineBlock.minecraft.tallgrass":4,"stat.pickup.minecraft.netherrack":49,"stat.diveOneCm":4357,"stat.chestOpened":1,"stat.useItem.minecraft.stone":40,"stat.pickup.minecraft.gravel":7,"stat.craftItem.minecraft.cooked_porkchop":3,"stat.useItem.minecraft.apple":1,"stat.pickup.minecraft.obsidian":4,"stat.craftItem.minecraft.coal":12,"stat.jump":1463,"stat.pickup.minecraft.coal":54,"stat.fallOneCm":8424,"stat.crouchOneCm":29777,"stat.pickup.minecraft.spider_eye":1,"stat.craftItem.minecraft.torch":52,"stat.craftItem.minecraft.iron_ingot":26,"stat.pickup.minecraft.dirt":75,"stat.pickup.vampirism.vampire_fang":1,"stat.pickup.minecraft.melon":40,"stat.craftingTableInteraction":42,"stat.pickup.minecraft.iron_ore":26,"stat.drop.quark.tallow":1,"stat.pickup.quark.custom_chest":1,"stat.mineBlock.minecraft.stone_stairs":4,"stat.damageTaken":11325,"stat.mineBlock.minecraft.torch":2,"stat.mineBlock.minecraft.melon_block":6,"stat.useItem.minecraft.furnace":1,"stat.pickup.minecraft.ender_eye":1,"stat.pickup.minecraft.dye":80,"stat.pickup.minecraft.planks":5,"stat.pickup.minecraft.reeds":7,"stat.drop.silentgems.gem":4,"stat.craftItem.hammertime.itemaxewood":1,"stat.pickup.minecraft.potato":1,"stat.mineBlock.minecraft.gravel":4,"stat.damageDealt":2036,"stat.mineBlock.minecraft.dirt":11,"stat.craftItem.hammertime.itemshovelstone":2,"stat.walkOneCm":435267,"stat.useItem.minecraft.torch":55,"stat.useItem.quark.custom_chest":4,"stat.pickup.minecraft.diamond_pickaxe":1,"stat.craftItem.quark.custom_chest":3,"stat.craftItem.minecraft.stone_stairs":216,"stat.pickup.minecraft.crafting_table":1,"stat.useItem.minecraft.log":3,"stat.drop.hammertime.itemaxewood":1,"stat.useItem.minecraft.cobblestone":171,"stat.craftItem.minecraft.crafting_table":2,"stat.killEntity.quark:stoneling":1,"stat.useItem.hammertime.itemhammerstone":3,"stat.pickup.minecraft.log":416,"stat.useItem.minecraft.melon":17,"stat.craftItem.hammertime.itemhammerstone":3,"stat.pickup.minecraft.stone":193,"stat.pickup.minecraft.sapling":12,"stat.pickup.minecraft.apple":1,"stat.pickup.minecraft.gold_ingot":4,"stat.useItem.minecraft.netherrack":6,"stat.craftItem.minecraft.bucket":1,"stat.pickup.silentgems.gem":4,"stat.craftItem.minecraft.planks":76,"stat.useItem.minecraft.jungle_door":2,"stat.mobKills":12,"stat.mineBlock.minecraft.log":20,"stat.pickup.minecraft.quartz":12,"stat.useItem.quark.pickarang":9,"stat.pickup.minecraft.diamond":15,"stat.mineBlock.minecraft.leaves":17,"stat.pickup.minecraft.torch":9,"stat.sneakTime":8145,"stat.entityKilledBy.quark:ashen":1,"stat.craftItem.hammertime.itemaxestone":2,"stat.useItem.minecraft.wooden_axe":39,"stat.drop.hammertime.itemshovelstone":1,"stat.mineBlock.minecraft.stone":24,"stat.pickup.quark.pickarang":1,"stat.craftItem.minecraft.jungle_door":3,"stat.craftItem.minecraft.enchanting_table":1}