{"stat.leaveGame":7,"stat.craftItem.minecraft.iron_axe":1,"stat.pickup.silentgems.sword":3,"stat.killEntity.vampirism.vampire":5,"stat.useItem.minecraft.planks":15,"stat.mineBlock.minecraft.web":1,"stat.pickup.minecraft.porkchop":3,"stat.drop.minecraft.melon":5,"stat.pickup.minecraft.rotten_flesh":20,"stat.pickup.minecraft.sand":24,"stat.entityKilledBy.Spider":1,"stat.craftItem.minecraft.stone_axe":2,"stat.pickup.minecraft.wooden_hoe":2,"stat.mineBlock.minecraft.sand":1,"stat.pickup.quark.tallow":5,"stat.useItem.minecraft.spider_eye":1,"stat.drop.minecraft.diamond":13,"stat.mineBlock.minecraft.vine":30,"stat.furnaceInteraction":55,"stat.killEntity.ZombieVillager":3,"stat.pickup.hammertime.itemshovelstone":1,"stat.pickup.minecraft.iron_chestplate":1,"stat.useItem.minecraft.stone_stairs":157,"stat.pickup.minecraft.stone_stairs":4,"stat.useItem.minecraft.dye":5,"stat.craftItem.hammertime.itemshoveliron":1,"stat.craftItem.hammertime.itemhammerwood":1,"stat.deaths":3,"stat.playOneMinute":236753,"stat.craftItem.eplus.advanced_table":1,"stat.mineBlock.minecraft.tallgrass":64,"stat.pickup.minecraft.netherrack":49,"stat.pickup.bountifulbaubles.potionwormhole":1,"stat.chestOpened":5,"stat.useItem.minecraft.stone":40,"stat.pickup.minecraft.arrow":5,"stat.craftItem.minecraft.coal":12,"stat.fallOneCm":21580,"stat.pickup.minecraft.carrot":1,"stat.crouchOneCm":38251,"stat.craftItem.minecraft.iron_ingot":30,"stat.pickup.minecraft.melon":47,"stat.craftingTableInteraction":53,"stat.pickup.minecraft.jungle_door":3,"stat.drop.quark.tallow":1,"stat.useItem.minecraft.furnace":1,"stat.pickup.minecraft.dye":80,"stat.pickup.minecraft.planks":8,"stat.pickup.minecraft.iron_leggings":1,"stat.drop.silentgems.gem":4,"stat.craftItem.hammertime.itemaxewood":1,"stat.pickup.minecraft.wheat_seeds":24,"stat.mineBlock.minecraft.gravel":4,"stat.pickup.silentgems.soulgem":3,"stat.mineBlock.minecraft.dirt":52,"stat.useItem.minecraft.torch":67,"stat.craftItem.minecraft.stone_stairs":216,"stat.pickup.minecraft.crafting_table":1,"stat.useItem.minecraft.log":3,"stat.useItem.minecraft.cobblestone":191,"stat.craftItem.minecraft.crafting_table":2,"stat.useItem.hammertime.itemhammerstone":3,"stat.pickup.minecraft.log":1010,"stat.craftItem.hammertime.itemhammerstone":4,"stat.pickup.minecraft.tallgrass":21,"stat.pickup.minecraft.sapling":80,"stat.useItem.minecraft.tallgrass":1,"stat.pickup.minecraft.apple":5,"stat.craftItem.minecraft.bucket":1,"stat.pickup.silentgems.gem":4,"stat.craftItem.minecraft.planks":128,"stat.useItem.minecraft.jungle_door":4,"stat.mineBlock.minecraft.log":84,"stat.pickup.minecraft.red_flower":2,"stat.sneakTime":10195,"stat.useItem.minecraft.wooden_axe":39,"stat.pickup.minecraft.yellow_flower":1,"stat.drop.hammertime.itemshovelstone":2,"stat.pickup.quark.pickarang":1,"stat.craftItem.minecraft.jungle_door":3,"stat.craftItem.minecraft.enchanting_table":1,"stat.drop.hammertime.itemaxestone":1,"stat.pickup.minecraft.bone":3,"stat.useItem.minecraft.iron_axe":208,"stat.pickup.hammertime.itemaxestone":1,"stat.mineBlock.minecraft.cobblestone":5,"stat.pickup.minecraft.flint":1,"stat.pickup.quark.diamond_heart":1,"stat.swimOneCm":46203,"stat.climbOneCm":11645,"stat.useItem.minecraft.obsidian":2,"stat.useItem.minecraft.dirt":747,"stat.useItem.minecraft.stone_slab2":112,"stat.pickup.minecraft.iron_boots":1,"stat.craftItem.minecraft.furnace":3,"stat.pickup.minecraft.enchanting_table":1,"stat.mineBlock.minecraft.obsidian":2,"stat.pickup.minecraft.cobblestone":1728,"stat.flyOneCm":153260,"stat.mineBlock.quark.custom_chest":1,"stat.pickup.minecraft.redstone":26,"stat.timeSinceDeath":2148,"stat.drop.minecraft.log":23,"stat.useItem.minecraft.potato":8,"stat.mineBlock.minecraft.enchanting_table":1,"stat.useItem.minecraft.cooked_porkchop":3,"stat.mineBlock.minecraft.coal_ore":1,"stat.pickup.minecraft.shield":1,"stat.killEntity.Creeper":1,"stat.pickup.minecraft.string":5,"stat.craftItem.minecraft.stone_slab2":0,"stat.craftItem.quark.pickarang":1,"stat.sprintOneCm":191806,"stat.craftItem.minecraft.wooden_axe":1,"stat.craftItem.minecraft.stick":56,"stat.craftItem.minecraft.stone":26,"stat.mineBlock.minecraft.crafting_table":1,"stat.useItem.minecraft.diamond_pickaxe":19,"stat.pickup.minecraft.diamond_chestplate":1,"stat.pickup.minecraft.vine":5,"stat.mineBlock.minecraft.planks":8,"stat.drop":22,"stat.drop.silentgems.sword":2,"stat.craftItem.hammertime.itemhammeriron":1,"stat.craftItem.minecraft.diamond_pickaxe":1,"stat.killEntity.Zombie":10,"stat.drop.quark.pickarang":2,"stat.craftItem.minecraft.dye":6,"stat.mineBlock.minecraft.gold_ore":1,"stat.diveOneCm":4940,"stat.pickup.minecraft.gravel":7,"stat.craftItem.minecraft.cooked_porkchop":5,"stat.useItem.minecraft.apple":4,"stat.pickup.minecraft.obsidian":4,"stat.useItem.minecraft.rotten_flesh":9,"stat.jump":2348,"stat.pickup.minecraft.coal":59,"stat.pickup.minecraft.iron_helmet":1,"stat.pickup.minecraft.iron_ingot":2,"stat.useItem.minecraft.stone_axe":205,"stat.pickup.minecraft.gunpowder":1,"stat.pickup.minecraft.spider_eye":4,"stat.craftItem.minecraft.torch":52,"stat.pickup.minecraft.dirt":2006,"stat.pickup.vampirism.vampire_fang":3,"stat.pickup.minecraft.iron_ore":30,"stat.pickup.minecraft.gold_ore":1,"stat.pickup.minecraft.leaves":731,"stat.pickup.quark.custom_chest":1,"stat.mineBlock.minecraft.stone_stairs":4,"stat.damageTaken":13905,"stat.mineBlock.minecraft.torch":12,"stat.mineBlock.minecraft.melon_block":7,"stat.pickup.minecraft.ender_eye":1,"stat.pickup.minecraft.reeds":7,"stat.pickup.minecraft.potato":19,"stat.pickup.silentgems.fluffypuffseeds":8,"stat.damageDealt":9685,"stat.craftItem.hammertime.itemshovelstone":4,"stat.walkOneCm":1015242,"stat.useItem.quark.custom_chest":8,"stat.playerKills":1,"stat.pickup.minecraft.diamond_pickaxe":1,"stat.craftItem.quark.custom_chest":8,"stat.drop.hammertime.itemaxewood":1,"stat.killEntity.quark:stoneling":1,"stat.useItem.silentgems.sword":8,"stat.useItem.minecraft.melon":24,"stat.pickup.minecraft.stone":281,"stat.drop.minecraft.potato":7,"stat.pickup.minecraft.ender_pearl":1,"stat.useItem.minecraft.leaves":2,"stat.pickup.minecraft.gold_ingot":4,"stat.useItem.minecraft.netherrack":6,"stat.killEntity.Skeleton":2,"stat.killEntity.Spider":6,"stat.mobKills":37,"stat.pickup.minecraft.quartz":12,"stat.craftItem.minecraft.shears":3,"stat.useItem.quark.pickarang":9,"stat.pickup.minecraft.diamond":15,"stat.mineBlock.minecraft.leaves":1023,"stat.pickup.minecraft.torch":94,"stat.entityKilledBy.quark:ashen":1,"stat.craftItem.hammertime.itemaxestone":3,"stat.killEntity.quark:ashen":1,"stat.mineBlock.minecraft.stone":30}