{"stat.useItem.minecraft.iron_axe":7,"stat.leaveGame":2,"stat.mineBlock.minecraft.cobblestone":4,"stat.pickup.minecraft.flint":1,"stat.craftItem.minecraft.iron_axe":1,"stat.killEntity.vampirism.vampire":1,"stat.swimOneCm":7698,"stat.climbOneCm":4281,"stat.useItem.minecraft.planks":15,"stat.pickup.minecraft.porkchop":3,"stat.useItem.minecraft.stone_slab2":20,"stat.pickup.minecraft.rotten_flesh":3,"stat.craftItem.minecraft.furnace":3,"stat.pickup.minecraft.cobblestone":822,"stat.flyOneCm":14686,"stat.mineBlock.quark.custom_chest":1,"stat.pickup.quark.tallow":4,"stat.timeSinceDeath":63256,"stat.drop.minecraft.log":23,"stat.mineBlock.minecraft.vine":13,"stat.furnaceInteraction":45,"stat.useItem.minecraft.cooked_porkchop":1,"stat.mineBlock.minecraft.coal_ore":1,"stat.craftItem.minecraft.stone_slab2":0,"stat.sprintOneCm":11352,"stat.craftItem.minecraft.wooden_axe":1,"stat.craftItem.minecraft.stick":32,"stat.craftItem.minecraft.stone":26,"stat.mineBlock.minecraft.crafting_table":1,"stat.craftItem.hammertime.itemhammerwood":1,"stat.mineBlock.minecraft.planks":4,"stat.drop":5,"stat.playOneMinute":63256,"stat.craftItem.hammertime.itemhammeriron":1,"stat.killEntity.Zombie":2,"stat.mineBlock.minecraft.tallgrass":3,"stat.useItem.minecraft.stone":40,"stat.pickup.minecraft.gravel":7,"stat.craftItem.minecraft.cooked_porkchop":3,"stat.useItem.minecraft.apple":1,"stat.craftItem.minecraft.coal":12,"stat.jump":681,"stat.pickup.minecraft.coal":41,"stat.fallOneCm":3882,"stat.crouchOneCm":20152,"stat.craftItem.minecraft.torch":36,"stat.craftItem.minecraft.iron_ingot":18,"stat.pickup.minecraft.dirt":71,"stat.pickup.vampirism.vampire_fang":1,"stat.pickup.minecraft.melon":25,"stat.craftingTableInteraction":29,"stat.pickup.minecraft.iron_ore":18,"stat.drop.quark.tallow":1,"stat.pickup.quark.custom_chest":1,"stat.damageTaken":411,"stat.mineBlock.minecraft.torch":1,"stat.mineBlock.minecraft.melon_block":4,"stat.useItem.minecraft.furnace":1,"stat.pickup.minecraft.dye":46,"stat.pickup.minecraft.planks":4,"stat.craftItem.hammertime.itemaxewood":1,"stat.pickup.minecraft.potato":1,"stat.mineBlock.minecraft.gravel":4,"stat.damageDealt":908,"stat.mineBlock.minecraft.dirt":1,"stat.craftItem.hammertime.itemshovelstone":2,"stat.walkOneCm":203028,"stat.useItem.minecraft.torch":39,"stat.useItem.quark.custom_chest":4,"stat.craftItem.quark.custom_chest":3,"stat.pickup.minecraft.crafting_table":1,"stat.useItem.minecraft.log":2,"stat.drop.hammertime.itemaxewood":1,"stat.useItem.minecraft.cobblestone":120,"stat.craftItem.minecraft.crafting_table":2,"stat.useItem.hammertime.itemhammerstone":3,"stat.pickup.minecraft.log":381,"stat.useItem.minecraft.melon":6,"stat.craftItem.hammertime.itemhammerstone":2,"stat.pickup.minecraft.stone":134,"stat.pickup.minecraft.sapling":12,"stat.pickup.minecraft.apple":1,"stat.craftItem.minecraft.planks":72,"stat.useItem.minecraft.jungle_door":2,"stat.mobKills":4,"stat.mineBlock.minecraft.log":19,"stat.mineBlock.minecraft.leaves":17,"stat.pickup.minecraft.torch":7,"stat.sneakTime":5892,"stat.craftItem.hammertime.itemaxestone":1,"stat.useItem.minecraft.wooden_axe":39,"stat.drop.hammertime.itemshovelstone":1,"stat.mineBlock.minecraft.stone":18,"stat.craftItem.minecraft.jungle_door":3}