{"stat.useItem.minecraft.string":1,"stat.pickup.minecraft.wooden_slab":18,"stat.leaveGame":11,"stat.craftItem.minecraft.iron_axe":1,"stat.pickup.silentgems.sword":6,"stat.killEntity.vampirism.vampire":9,"stat.useItem.minecraft.planks":15,"stat.mineBlock.minecraft.web":15,"stat.pickup.minecraft.porkchop":49,"stat.drop.minecraft.melon":5,"stat.useItem.minecraft.water_bucket":57,"stat.drop.minecraft.iron_sword":1,"stat.pickup.minecraft.rotten_flesh":21,"stat.pickup.minecraft.sand":43,"stat.entityKilledBy.Spider":1,"stat.craftItem.minecraft.stone_axe":2,"stat.pickup.minecraft.cobblestone_wall":39,"stat.pickup.minecraft.wooden_hoe":2,"stat.craftItem.minecraft.cobblestone_wall":60,"stat.mineBlock.minecraft.sand":9,"stat.pickup.quark.tallow":5,"stat.useItem.minecraft.spider_eye":26,"stat.drop.minecraft.diamond":13,"stat.mineBlock.minecraft.vine":30,"stat.furnaceInteraction":61,"stat.killEntity.ZombieVillager":3,"stat.pickup.minecraft.beef":114,"stat.useItem.minecraft.cooked_mutton":1,"stat.pickup.hammertime.itemshovelstone":1,"stat.pickup.minecraft.iron_chestplate":3,"stat.drop.silentgems.guide_book":1,"stat.useItem.minecraft.stone_stairs":159,"stat.pickup.minecraft.stone_stairs":4,"stat.useItem.minecraft.dye":5,"stat.craftItem.hammertime.itemshoveliron":1,"stat.craftItem.hammertime.itemhammerwood":1,"stat.deaths":3,"stat.playOneMinute":473434,"stat.craftItem.eplus.advanced_table":1,"stat.mineBlock.minecraft.tallgrass":72,"stat.pickup.minecraft.netherrack":49,"stat.pickup.bountifulbaubles.potionwormhole":1,"stat.pickup.minecraft.cooked_mutton":1,"stat.chestOpened":20,"stat.craftItem.minecraft.sign":12,"stat.useItem.minecraft.stone":40,"stat.pickup.minecraft.arrow":6,"stat.pickup.minecraft.iron_sword":2,"stat.craftItem.minecraft.coal":12,"stat.fallOneCm":35843,"stat.pickup.minecraft.carrot":1,"stat.crouchOneCm":81480,"stat.mineBlock.minecraft.chest":1,"stat.craftItem.minecraft.iron_ingot":31,"stat.pickup.minecraft.melon":47,"stat.craftingTableInteraction":68,"stat.pickup.minecraft.jungle_door":3,"stat.drop.quark.tallow":1,"stat.useItem.minecraft.furnace":1,"stat.pickup.minecraft.dye":163,"stat.pickup.minecraft.planks":12,"stat.pickup.minecraft.iron_leggings":1,"stat.drop.silentgems.gem":4,"stat.craftItem.hammertime.itemaxewood":1,"stat.pickup.minecraft.wheat_seeds":33,"stat.mineBlock.minecraft.gravel":4,"stat.pickup.silentgems.soulgem":6,"stat.mineBlock.minecraft.dirt":97,"stat.useItem.minecraft.torch":99,"stat.craftItem.minecraft.stone_stairs":224,"stat.pickup.minecraft.crafting_table":1,"stat.useItem.minecraft.log":3,"stat.useItem.minecraft.cobblestone":777,"stat.craftItem.minecraft.crafting_table":5,"stat.useItem.hammertime.itemhammerstone":3,"stat.pickup.minecraft.log":1012,"stat.craftItem.hammertime.itemshoveldiamond":1,"stat.craftItem.hammertime.itemhammerstone":5,"stat.pickup.usefulbackpacks.backpack":1,"stat.pickup.minecraft.tallgrass":21,"stat.drop.minecraft.planks":12,"stat.pickup.minecraft.sapling":81,"stat.useItem.minecraft.tallgrass":1,"stat.pickup.minecraft.apple":5,"stat.drop.minecraft.bow":1,"stat.craftItem.minecraft.bucket":2,"stat.pickup.silentgems.gem":4,"stat.craftItem.minecraft.planks":136,"stat.useItem.minecraft.iron_sword":29,"stat.pickup.minecraft.diamond_helmet":1,"stat.useItem.minecraft.jungle_door":4,"stat.mineBlock.minecraft.log":86,"stat.pickup.minecraft.red_flower":2,"stat.sneakTime":24404,"stat.mineBlock.minecraft.cobblestone_wall":18,"stat.useItem.minecraft.wooden_axe":39,"stat.pickup.minecraft.stone_slab":51,"stat.pickup.minecraft.yellow_flower":4,"stat.drop.hammertime.itemshovelstone":2,"stat.pickup.quark.pickarang":1,"stat.pickup.minecraft.chest":1,"stat.craftItem.minecraft.jungle_door":3,"stat.craftItem.minecraft.enchanting_table":1,"stat.drop.scalinghealth.heartcontainer":1,"stat.drop.hammertime.itemaxestone":1,"stat.pickup.minecraft.bone":6,"stat.useItem.minecraft.iron_axe":208,"stat.pickup.hammertime.itemaxestone":1,"stat.mineBlock.minecraft.cobblestone":50,"stat.pickup.minecraft.flint":2,"stat.mineBlock.minecraft.yellow_flower":1,"stat.pickup.quark.diamond_heart":1,"stat.useItem.minecraft.diamond_sword":1,"stat.swimOneCm":106626,"stat.climbOneCm":11875,"stat.useItem.minecraft.obsidian":2,"stat.useItem.minecraft.dirt":749,"stat.useItem.minecraft.stone_slab2":130,"stat.pickup.minecraft.bow":1,"stat.pickup.minecraft.iron_boots":3,"stat.craftItem.minecraft.furnace":4,"stat.pickup.minecraft.enchanting_table":1,"stat.craftItem.minecraft.cooked_beef":50,"stat.mineBlock.minecraft.obsidian":2,"stat.pickup.minecraft.cobblestone":5393,"stat.flyOneCm":295059,"stat.mineBlock.quark.custom_chest":1,"stat.useItem.minecraft.cooked_beef":24,"stat.pickup.minecraft.redstone":43,"stat.timeSinceDeath":238829,"stat.drop.minecraft.log":23,"stat.useItem.minecraft.sign":11,"stat.pickup.minecraft.mossy_cobblestone":89,"stat.useItem.minecraft.potato":8,"stat.mineBlock.minecraft.enchanting_table":1,"stat.useItem.minecraft.cooked_porkchop":3,"stat.pickup.minecraft.iron_shovel":1,"stat.mineBlock.minecraft.coal_ore":84,"stat.pickup.minecraft.shield":1,"stat.killEntity.Creeper":3,"stat.pickup.minecraft.string":107,"stat.drop.usefulbackpacks.backpack":1,"stat.craftItem.minecraft.stone_slab2":0,"stat.craftItem.quark.pickarang":1,"stat.sprintOneCm":507884,"stat.mineBlock.minecraft.stone_slab":33,"stat.craftItem.minecraft.wooden_axe":1,"stat.craftItem.minecraft.stick":104,"stat.useItem.minecraft.stone_slab":90,"stat.pickup.hammertime.itemhammerdiamond":1,"stat.craftItem.minecraft.stone":26,"stat.mineBlock.minecraft.diamond_ore":28,"stat.mineBlock.minecraft.crafting_table":1,"stat.useItem.minecraft.diamond_pickaxe":482,"stat.pickup.minecraft.diamond_chestplate":3,"stat.pickup.minecraft.vine":5,"stat.mineBlock.minecraft.planks":8,"stat.drop":40,"stat.drop.silentgems.sword":4,"stat.craftItem.hammertime.itemhammeriron":2,"stat.craftItem.minecraft.diamond_pickaxe":2,"stat.killEntity.Zombie":18,"stat.drop.quark.pickarang":2,"stat.craftItem.minecraft.dye":6,"stat.mineBlock.minecraft.gold_ore":4,"stat.diveOneCm":37965,"stat.drop.minecraft.diamond_pickaxe":4,"stat.mineBlock.minecraft.mossy_cobblestone":2,"stat.pickup.minecraft.gravel":12,"stat.craftItem.minecraft.cooked_porkchop":5,"stat.drop.minecraft.cooked_beef":15,"stat.pickup.minecraft.stone_axe":1,"stat.useItem.minecraft.apple":4,"stat.pickup.minecraft.obsidian":4,"stat.useItem.minecraft.rotten_flesh":17,"stat.pickup.minecraft.diamond_sword":3,"stat.jump":4862,"stat.pickup.minecraft.coal":374,"stat.pickup.minecraft.iron_helmet":5,"stat.pickup.minecraft.iron_ingot":2,"stat.useItem.minecraft.stone_axe":214,"stat.drop.minecraft.diamond_sword":3,"stat.pickup.minecraft.gunpowder":5,"stat.pickup.minecraft.spider_eye":41,"stat.craftItem.minecraft.torch":64,"stat.pickup.minecraft.dirt":4390,"stat.pickup.vampirism.vampire_fang":4,"stat.pickup.minecraft.iron_ore":45,"stat.pickup.minecraft.gold_ore":10,"stat.mineBlock.minecraft.lapis_ore":6,"stat.pickup.minecraft.leaves":731,"stat.pickup.minecraft.iron_axe":1,"stat.pickup.quark.custom_chest":1,"stat.mineBlock.minecraft.stone_stairs":4,"stat.damageTaken":18209,"stat.mineBlock.minecraft.torch":26,"stat.mineBlock.minecraft.melon_block":7,"stat.pickup.minecraft.ender_eye":1,"stat.pickup.minecraft.reeds":22,"stat.pickup.minecraft.potato":19,"stat.pickup.silentgems.fluffypuffseeds":12,"stat.damageDealt":83096,"stat.pickup.hammertime.itemhammeriron":1,"stat.craftItem.hammertime.itemshovelstone":4,"stat.craftItem.minecraft.stone_slab":60,"stat.walkOneCm":1638269,"stat.useItem.quark.custom_chest":8,"stat.playerKills":1,"stat.pickup.minecraft.diamond_pickaxe":4,"stat.craftItem.quark.custom_chest":8,"stat.drop.hammertime.itemaxewood":1,"stat.killEntity.quark:stoneling":1,"stat.useItem.silentgems.sword":31,"stat.useItem.minecraft.melon":24,"stat.useItem.scalinghealth.heartcontainer":2,"stat.pickup.minecraft.stone":806,"stat.drop.minecraft.potato":7,"stat.pickup.scalinghealth.heartcontainer":4,"stat.pickup.minecraft.ender_pearl":1,"stat.useItem.minecraft.leaves":2,"stat.drop.minecraft.wooden_slab":1,"stat.pickup.minecraft.gold_ingot":4,"stat.useItem.minecraft.netherrack":6,"stat.killEntity.Skeleton":10,"stat.killEntity.Spider":256,"stat.mobKills":326,"stat.pickup.minecraft.quartz":12,"stat.craftItem.minecraft.shears":3,"stat.useItem.minecraft.mossy_cobblestone":33,"stat.useItem.quark.pickarang":9,"stat.useItem.minecraft.cobblestone_wall":94,"stat.pickup.minecraft.diamond":94,"stat.mineBlock.minecraft.leaves":1023,"stat.pickup.minecraft.torch":116,"stat.mineBlock.minecraft.redstone_ore":4,"stat.entityKilledBy.quark:ashen":1,"stat.craftItem.hammertime.itemaxestone":3,"stat.killEntity.quark:ashen":1,"stat.mineBlock.minecraft.stone":317,"stat.pickup.silentgems.scepter":1}