{"stat.useItem.minecraft.string":1,"stat.useItem.minecraft.bow":20,"stat.pickup.minecraft.wooden_slab":564,"stat.leaveGame":20,"stat.pickup.silentgems.guide_book":3,"stat.craftItem.minecraft.iron_axe":1,"stat.pickup.silentgems.sword":26,"stat.killEntity.vampirism.vampire":22,"stat.drop.hammertime.itemhammerdiamond":2,"stat.mineBlock.minecraft.sandstone":3,"stat.useItem.minecraft.planks":876,"stat.mineBlock.minecraft.web":49,"stat.pickup.minecraft.porkchop":49,"stat.pickup.minecraft.blaze_powder":3,"stat.pickup.minecraft.glass":60,"stat.drop.minecraft.melon":5,"stat.useItem.minecraft.water_bucket":57,"stat.drop.minecraft.iron_sword":1,"stat.mineBlock.minecraft.stone_brick_stairs":88,"stat.pickup.minecraft.rotten_flesh":107,"stat.pickup.minecraft.sand":378,"stat.entityKilledBy.Spider":1,"stat.craftItem.minecraft.stone_axe":2,"stat.pickup.minecraft.name_tag":2,"stat.pickup.minecraft.cobblestone_wall":39,"stat.killEntity.Enderman":1,"stat.mineBlock.minecraft.wooden_slab":386,"stat.pickup.minecraft.wooden_hoe":3,"stat.craftItem.minecraft.cobblestone_wall":60,"stat.pickup.minecraft.chainmail_chestplate":1,"stat.pickup.minecraft.brown_mushroom":17,"stat.mineBlock.minecraft.sand":107,"stat.pickup.quark.tallow":59,"stat.pickup.vampirism.church_altar":2,"stat.useItem.minecraft.spider_eye":38,"stat.drop.minecraft.diamond":13,"stat.pickup.minecraft.double_plant":1,"stat.mineBlock.minecraft.vine":120,"stat.furnaceInteraction":218,"stat.killEntity.ZombieVillager":3,"stat.pickup.minecraft.beef":124,"stat.useItem.minecraft.cooked_mutton":1,"stat.pickup.minecraft.furnace":3,"stat.pickup.hammertime.itemshovelstone":2,"stat.pickup.minecraft.iron_chestplate":7,"stat.drop.silentgems.guide_book":2,"stat.useItem.minecraft.stone_stairs":311,"stat.pickup.minecraft.stone_stairs":221,"stat.pickup.mowziesmobs.foliaath_seed":68,"stat.useItem.minecraft.dye":42,"stat.craftItem.hammertime.itemshoveliron":1,"stat.craftItem.hammertime.itemhammerwood":1,"stat.deaths":11,"stat.pickup.minecraft.egg":4,"stat.playOneMinute":1156257,"stat.craftItem.eplus.advanced_table":1,"stat.mineBlock.minecraft.tallgrass":186,"stat.pickup.minecraft.netherrack":1604,"stat.pickup.bountifulbaubles.potionwormhole":4,"stat.pickup.minecraft.cooked_mutton":1,"stat.chestOpened":57,"stat.craftItem.minecraft.sign":12,"stat.useItem.minecraft.stone":173,"stat.pickup.minecraft.arrow":44,"stat.pickup.minecraft.iron_sword":3,"stat.pickup.silentgems.craftingmaterial":49,"stat.pickup.minecraft.gold_nugget":3,"stat.craftItem.minecraft.coal":12,"stat.mineBlock.minecraft.gold_block":1,"stat.fallOneCm":138546,"stat.pickup.simpleores.tin_ore":16,"stat.pickup.minecraft.carrot":20,"stat.pickup.quark.slate":17,"stat.crouchOneCm":462982,"stat.mineBlock.minecraft.chest":6,"stat.craftItem.minecraft.iron_ingot":33,"stat.craftItem.minecraft.chest":4,"stat.pickup.minecraft.melon":47,"stat.craftingTableInteraction":124,"stat.pickup.minecraft.jungle_door":3,"stat.drop.quark.tallow":1,"stat.pickup.silentgems.glowrose":51,"stat.pickup.minecraft.feather":20,"stat.useItem.minecraft.furnace":8,"stat.useItem.minecraft.reeds":50,"stat.pickup.minecraft.dye":380,"stat.pickup.minecraft.planks":87,"stat.pickup.minecraft.iron_leggings":1,"stat.drop.silentgems.gem":4,"stat.craftItem.hammertime.itemaxewood":1,"stat.pickup.minecraft.wheat_seeds":92,"stat.mineBlock.minecraft.gravel":28,"stat.pickup.silentgems.soulgem":25,"stat.mineBlock.minecraft.dirt":520,"stat.pickup.minecraft.chainmail_boots":4,"stat.pickup.minecraft.poisonous_potato":3,"stat.pickup.minecraft.record_13":1,"stat.pickup.minecraft.flint_and_steel":1,"stat.useItem.minecraft.torch":276,"stat.craftItem.minecraft.stone_stairs":376,"stat.pickup.minecraft.crafting_table":5,"stat.useItem.minecraft.log":497,"stat.useItem.minecraft.cobblestone":1391,"stat.craftItem.minecraft.crafting_table":8,"stat.pickup.minecraft.iron_hoe":1,"stat.useItem.hammertime.itemhammerstone":3,"stat.pickup.minecraft.log":3720,"stat.craftItem.hammertime.itemshoveldiamond":1,"stat.pickup.minecraft.iron_pickaxe":2,"stat.craftItem.hammertime.itemaxediamond":2,"stat.craftItem.hammertime.itemhammerstone":5,"stat.pickup.usefulbackpacks.backpack":3,"stat.pickup.minecraft.tallgrass":40,"stat.craftItem.usefulbackpacks.backpack":2,"stat.drop.minecraft.planks":12,"stat.pickup.minecraft.chicken":6,"stat.pickup.minecraft.chainmail_leggings":1,"stat.killEntity.vampirism.advanced_vampire":2,"stat.pickup.minecraft.sapling":621,"stat.drop.hammertime.itemaxediamond":1,"stat.useItem.minecraft.tallgrass":1,"stat.pickup.minecraft.apple":33,"stat.drop.minecraft.bow":1,"stat.pickup.silentgems.machete":1,"stat.craftItem.minecraft.bucket":2,"stat.pickup.silentgems.gem":4,"stat.craftItem.minecraft.planks":1684,"stat.useItem.minecraft.iron_sword":29,"stat.pickup.minecraft.diamond_helmet":2,"stat.useItem.minecraft.jungle_door":4,"stat.pickup.minecraft.book":4,"stat.useItem.minecraft.stonebrick":737,"stat.mineBlock.minecraft.log":219,"stat.pickup.minecraft.red_flower":9,"stat.sneakTime":108105,"stat.pickup.minecraft.wool":5,"stat.mineBlock.minecraft.cobblestone_wall":18,"stat.useItem.minecraft.baked_potato":113,"stat.useItem.minecraft.wooden_axe":39,"stat.pickup.minecraft.stone_slab":52,"stat.pickup.minecraft.yellow_flower":11,"stat.drop.hammertime.itemshovelstone":2,"stat.pickup.quark.pickarang":1,"stat.pickup.minecraft.chest":5,"stat.craftItem.minecraft.jungle_door":3,"stat.craftItem.minecraft.enchanting_table":1,"stat.drop.scalinghealth.heartcontainer":1,"stat.craftItem.minecraft.diamond_chestplate":1,"stat.drop.hammertime.itemaxestone":1,"stat.pickup.minecraft.bone":36,"stat.craftItem.minecraft.diamond_leggings":2,"stat.useItem.minecraft.iron_axe":469,"stat.pickup.hammertime.itemaxestone":3,"stat.mineBlock.minecraft.cobblestone":282,"stat.pickup.minecraft.flint":66,"stat.mineBlock.minecraft.yellow_flower":2,"stat.craftItem.minecraft.stone_brick_stairs":440,"stat.pickup.quark.diamond_heart":1,"stat.mineBlock.minecraft.brown_mushroom":1,"stat.pickup.howlingmoon.wolfsbane":4,"stat.useItem.minecraft.diamond_sword":1,"stat.craftItem.minecraft.wool":16,"stat.craftItem.minecraft.diamond_helmet":1,"stat.swimOneCm":151365,"stat.climbOneCm":16766,"stat.mineBlock.minecraft.spruce_stairs":5,"stat.pickup.minecraft.cooked_porkchop":37,"stat.useItem.minecraft.obsidian":2,"stat.useItem.minecraft.dirt":1470,"stat.useItem.minecraft.cookie":1,"stat.useItem.minecraft.stone_slab2":1815,"stat.pickup.minecraft.bow":2,"stat.pickup.minecraft.iron_boots":9,"stat.craftItem.minecraft.furnace":11,"stat.pickup.minecraft.enchanting_table":1,"stat.craftItem.minecraft.cooked_beef":60,"stat.mineBlock.minecraft.obsidian":2,"stat.pickup.simpleores.copper_ore":12,"stat.pickup.minecraft.cobblestone":9487,"stat.pickup.minecraft.gold_block":1,"stat.pickup.minecraft.diamond_leggings":2,"stat.flyOneCm":1516587,"stat.mineBlock.quark.custom_chest":28,"stat.useItem.minecraft.cooked_beef":37,"stat.craftItem.minecraft.wooden_slab":876,"stat.pickup.minecraft.redstone":122,"stat.mineBlock.minecraft.iron_ore":5,"stat.timeSinceDeath":126360,"stat.drop.minecraft.log":23,"stat.useItem.minecraft.sign":11,"stat.useItem.minecraft.wooden_slab":1252,"stat.pickup.minecraft.mossy_cobblestone":201,"stat.craftItem.minecraft.stonebrick":1048,"stat.useItem.minecraft.potato":25,"stat.pickup.minecraft.wooden_axe":1,"stat.pickup.minecraft.chainmail_helmet":3,"stat.pickup.minecraft.stonebrick":32,"stat.mineBlock.minecraft.enchanting_table":1,"stat.useItem.minecraft.cooked_porkchop":3,"stat.pickup.minecraft.iron_shovel":6,"stat.pickup.minecraft.carpet":12,"stat.mineBlock.minecraft.coal_ore":92,"stat.pickup.minecraft.shield":3,"stat.killEntity.Creeper":13,"stat.drop.minecraft.baked_potato":1,"stat.pickup.hammertime.itemhammerwood":2,"stat.pickup.scalinghealth.healingitem":2,"stat.pickup.minecraft.string":480,"stat.drop.usefulbackpacks.backpack":1,"stat.entityKilledBy.Skeleton":1,"stat.craftItem.minecraft.stone_slab2":0,"stat.craftItem.quark.pickarang":1,"stat.sprintOneCm":1714718,"stat.pickup.vampirism.vampire_blood_bottle":2,"stat.mineBlock.minecraft.stone_slab":33,"stat.craftItem.minecraft.wooden_axe":1,"stat.craftItem.minecraft.stick":136,"stat.useItem.minecraft.stone_slab":91,"stat.pickup.hammertime.itemhammerdiamond":3,"stat.craftItem.minecraft.stone":970,"stat.mineBlock.minecraft.diamond_ore":32,"stat.pickup.simpleores.onyx_gem":6,"stat.mineBlock.minecraft.crafting_table":5,"stat.useItem.minecraft.diamond_pickaxe":2622,"stat.useItem.minecraft.carrot":19,"stat.useItem.hammertime.itemhammerdiamond":7,"stat.pickup.minecraft.diamond_chestplate":5,"stat.pickup.minecraft.vine":10,"stat.mineBlock.minecraft.planks":81,"stat.drop":57,"stat.drop.silentgems.sword":10,"stat.craftItem.hammertime.itemhammeriron":2,"stat.craftItem.minecraft.diamond_pickaxe":2,"stat.pickup.minecraft.iron_block":1,"stat.killEntity.Zombie":57,"stat.drop.quark.pickarang":2,"stat.craftItem.minecraft.dye":63,"stat.craftItem.minecraft.diamond_axe":2,"stat.mineBlock.minecraft.gold_ore":4,"stat.diveOneCm":121954,"stat.drop.minecraft.diamond_pickaxe":6,"stat.mineBlock.minecraft.mossy_cobblestone":2,"stat.pickup.minecraft.gravel":35,"stat.craftItem.minecraft.cooked_porkchop":5,"stat.drop.minecraft.cooked_beef":15,"stat.useItem.minecraft.diamond_axe":3315,"stat.pickup.minecraft.stone_axe":1,"stat.useItem.minecraft.apple":9,"stat.pickup.minecraft.obsidian":24,"stat.useItem.minecraft.rotten_flesh":28,"stat.pickup.minecraft.stone_brick_stairs":91,"stat.pickup.minecraft.diamond_sword":4,"stat.craftItem.minecraft.diamond_sword":1,"stat.jump":9821,"stat.useItem.minecraft.sand":95,"stat.drop.hammertime.itemshoveldiamond":1,"stat.pickup.minecraft.coal":616,"stat.pickup.minecraft.iron_helmet":9,"stat.pickup.minecraft.iron_ingot":5,"stat.useItem.minecraft.stone_axe":220,"stat.drop.minecraft.diamond_sword":3,"stat.pickup.minecraft.gunpowder":23,"stat.pickup.minecraft.spider_eye":108,"stat.craftItem.minecraft.torch":108,"stat.pickup.minecraft.dirt":5828,"stat.pickup.vampirism.vampire_fang":12,"stat.pickup.minecraft.iron_ore":103,"stat.pickup.minecraft.gold_ore":23,"stat.useItem.minecraft.sapling":31,"stat.mineBlock.minecraft.lapis_ore":7,"stat.pickup.minecraft.leaves":1273,"stat.pickup.minecraft.iron_axe":4,"stat.pickup.minecraft.cookie":11,"stat.pickup.quark.custom_chest":26,"stat.mineBlock.minecraft.stone_stairs":220,"stat.damageTaken":50019,"stat.pickup.minecraft.leather":44,"stat.useItem.minecraft.stone_brick_stairs":520,"stat.mineBlock.minecraft.torch":49,"stat.mineBlock.minecraft.melon_block":7,"stat.mineBlock.minecraft.furnace":4,"stat.pickup.minecraft.ender_eye":1,"stat.pickup.globalxp.xp_block":2,"stat.pickup.minecraft.reeds":304,"stat.pickup.minecraft.potato":235,"stat.pickup.minecraft.diamond_axe":3,"stat.pickup.silentgems.fluffypuffseeds":36,"stat.damageDealt":244696,"stat.craftItem.minecraft.glass":60,"stat.pickup.hammertime.itemhammeriron":2,"stat.craftItem.minecraft.baked_potato":174,"stat.useItem.minecraft.crafting_table":2,"stat.craftItem.hammertime.itemshovelstone":4,"stat.craftItem.minecraft.stone_slab":66,"stat.walkOneCm":3946875,"stat.useItem.quark.custom_chest":46,"stat.playerKills":3,"stat.useItem.minecraft.chest":3,"stat.pickup.minecraft.stick":80,"stat.pickup.minecraft.diamond_pickaxe":7,"stat.craftItem.quark.custom_chest":33,"stat.drop.hammertime.itemaxewood":1,"stat.killEntity.quark:stoneling":1,"stat.useItem.silentgems.sword":83,"stat.drop.minecraft.diamond_axe":3,"stat.pickup.bountifulbaubles.potionrecall":1,"stat.useItem.minecraft.melon":24,"stat.craftItem.minecraft.diamond_boots":1,"stat.useItem.scalinghealth.heartcontainer":5,"stat.pickup.minecraft.stone":2391,"stat.useItem.minecraft.spruce_stairs":32,"stat.drop.minecraft.potato":7,"stat.pickup.scalinghealth.heartcontainer":7,"stat.pickup.silentgems.fluffypuff":59,"stat.pickup.minecraft.ender_pearl":4,"stat.useItem.minecraft.leaves":2,"stat.drop.minecraft.wooden_slab":1,"stat.pickup.minecraft.cooked_beef":42,"stat.pickup.minecraft.gold_ingot":4,"stat.useItem.minecraft.netherrack":6,"stat.pickup.eplus.decorative_book":2,"stat.killEntity.Skeleton":21,"stat.mineBlock.minecraft.stonebrick":24,"stat.killEntity.Spider":499,"stat.mobKills":707,"stat.pickup.minecraft.diamond_boots":1,"stat.pickup.minecraft.quartz":54,"stat.craftItem.minecraft.shears":3,"stat.useItem.minecraft.golden_apple":67,"stat.useItem.minecraft.mossy_cobblestone":33,"stat.pickup.minecraft.water_bucket":2,"stat.useItem.quark.pickarang":9,"stat.useItem.minecraft.cobblestone_wall":94,"stat.pickup.minecraft.diamond":133,"stat.mineBlock.minecraft.leaves":3832,"stat.pickup.minecraft.torch":270,"stat.useItem.eplus.decorative_book":2,"stat.pickup.minecraft.spruce_stairs":5,"stat.mineBlock.minecraft.redstone_ore":6,"stat.entityKilledBy.quark:ashen":1,"stat.craftItem.hammertime.itemaxestone":3,"stat.craftItem.minecraft.coal_block":24,"stat.craftItem.minecraft.spruce_stairs":32,"stat.killEntity.quark:ashen":1,"stat.pickup.minecraft.jungle_boat":2,"stat.mineBlock.minecraft.stone":1783,"stat.pickup.silentgems.scepter":2,"stat.mineBlock.vampirism.church_altar":2}