{"stat.walkOneCm":155504,"stat.useItem.minecraft.torch":39,"stat.useItem.quark.custom_chest":4,"stat.useItem.minecraft.stone":40,"stat.useItem.minecraft.iron_axe":1,"stat.pickup.minecraft.gravel":7,"stat.craftItem.quark.custom_chest":3,"stat.leaveGame":1,"stat.mineBlock.minecraft.vine":8,"stat.pickup.minecraft.crafting_table":1,"stat.useItem.minecraft.log":2,"stat.mineBlock.minecraft.cobblestone":4,"stat.craftItem.minecraft.cooked_porkchop":3,"stat.drop.hammertime.itemaxewood":1,"stat.useItem.minecraft.cobblestone":120,"stat.craftItem.minecraft.crafting_table":2,"stat.furnaceInteraction":42,"stat.pickup.minecraft.flint":1,"stat.craftItem.minecraft.iron_axe":1,"stat.useItem.minecraft.cooked_porkchop":1,"stat.useItem.minecraft.apple":1,"stat.mineBlock.minecraft.coal_ore":1,"stat.killEntity.vampirism.vampire":1,"stat.useItem.hammertime.itemhammerstone":3,"stat.craftItem.minecraft.coal":12,"stat.pickup.minecraft.log":330,"stat.jump":551,"stat.swimOneCm":7698,"stat.pickup.minecraft.coal":41,"stat.climbOneCm":3703,"stat.fallOneCm":3166,"stat.useItem.minecraft.planks":15,"stat.craftItem.hammertime.itemhammerstone":2,"stat.craftItem.minecraft.stone_slab2":0,"stat.pickup.minecraft.stone":134,"stat.pickup.minecraft.porkchop":3,"stat.crouchOneCm":20112,"stat.craftItem.minecraft.torch":36,"stat.craftItem.minecraft.iron_ingot":18,"stat.pickup.minecraft.sapling":4,"stat.pickup.minecraft.dirt":71,"stat.sprintOneCm":11304,"stat.useItem.minecraft.stone_slab2":19,"stat.pickup.vampirism.vampire_fang":1,"stat.pickup.minecraft.apple":1,"stat.craftItem.minecraft.wooden_axe":1,"stat.craftItem.minecraft.stick":32,"stat.craftingTableInteraction":29,"stat.pickup.minecraft.iron_ore":18,"stat.craftItem.minecraft.furnace":3,"stat.drop.quark.tallow":1,"stat.craftItem.minecraft.planks":72,"stat.craftItem.minecraft.stone":21,"stat.pickup.quark.custom_chest":1,"stat.mineBlock.minecraft.crafting_table":1,"stat.damageTaken":260,"stat.useItem.minecraft.jungle_door":2,"stat.mineBlock.minecraft.torch":1,"stat.useItem.minecraft.furnace":1,"stat.pickup.minecraft.cobblestone":822,"stat.mobKills":2,"stat.mineBlock.minecraft.log":19,"stat.pickup.minecraft.dye":46,"stat.craftItem.hammertime.itemhammerwood":1,"stat.pickup.minecraft.planks":4,"stat.flyOneCm":14054,"stat.mineBlock.minecraft.planks":4,"stat.craftItem.hammertime.itemaxewood":1,"stat.drop":3,"stat.mineBlock.minecraft.leaves":15,"stat.mineBlock.quark.custom_chest":1,"stat.playOneMinute":52015,"stat.pickup.minecraft.torch":7,"stat.mineBlock.minecraft.gravel":4,"stat.craftItem.hammertime.itemhammeriron":1,"stat.sneakTime":5865,"stat.craftItem.hammertime.itemaxestone":1,"stat.pickup.quark.tallow":4,"stat.damageDealt":399,"stat.timeSinceDeath":52015,"stat.useItem.minecraft.wooden_axe":39,"stat.mineBlock.minecraft.dirt":1,"stat.drop.hammertime.itemshovelstone":1,"stat.mineBlock.minecraft.stone":18,"stat.mineBlock.minecraft.tallgrass":1,"stat.craftItem.hammertime.itemshovelstone":2,"stat.craftItem.minecraft.jungle_door":3}