{"stat.walkOneCm":6171,"stat.leaveGame":6,"stat.useItem.minecraft.cobblestone":4,"stat.drop.minecraft.dirt":2,"stat.pickup.minecraft.cobblestone":7,"stat.flyOneCm":1802,"stat.drop":2,"stat.jump":58,"stat.playOneMinute":7226,"stat.drop.minecraft.cobblestone":3,"stat.pickup.hammertime.itemaxewood":1,"stat.pickup.hammertime.itemshovelstone":1,"stat.damageDealt":10,"stat.timeSinceDeath":7226,"stat.pickup.minecraft.dirt":2,"stat.sprintOneCm":3761,"stat.mineBlock.minecraft.dirt":2,"stat.craftingTableInteraction":1}