{"stat.chestOpened":3,"stat.walkOneCm":115818,"stat.useItem.minecraft.torch":4,"stat.playerKills":1,"stat.pickup.minecraft.diamond_pickaxe":1,"stat.leaveGame":2,"stat.pickup.minecraft.chainmail_helmet":2,"stat.pickup.silentgems.guide_book":1,"stat.furnaceInteraction":1,"stat.useItem.minecraft.cooked_porkchop":2,"stat.pickup.silentgems.sword":1,"stat.useItem.silentgems.sword":1,"stat.useItem.minecraft.diamond_sword":25,"stat.pickup.silentgems.chestplate":1,"stat.useItem.minecraft.rotten_flesh":1,"stat.pickup.minecraft.string":5,"stat.pickup.minecraft.diamond_sword":1,"stat.jump":583,"stat.swimOneCm":4107,"stat.pickup.minecraft.iron_helmet":1,"stat.fallOneCm":55873,"stat.mineBlock.minecraft.web":1,"stat.pickup.minecraft.cooked_porkchop":8,"stat.pickup.minecraft.stone":2,"stat.crouchOneCm":7706,"stat.pickup.silentgems.helmet":1,"stat.sprintOneCm":78959,"stat.pickup.silentgems.leggings":1,"stat.useItem.minecraft.stone_slab2":1,"stat.pickup.minecraft.iron_boots":2,"stat.useItem.minecraft.water_bucket":1,"stat.craftingTableInteraction":1,"stat.pickup.minecraft.iron_ore":3,"stat.killEntity.Skeleton":1,"stat.pickup.hammertime.itemhammerdiamond":1,"stat.damageTaken":4467,"stat.killEntity.Spider":18,"stat.mineBlock.minecraft.torch":3,"stat.pickup.minecraft.diamond_chestplate":1,"stat.pickup.minecraft.cobblestone":94,"stat.mobKills":21,"stat.pickup.minecraft.diamond_leggings":1,"stat.flyOneCm":301475,"stat.deaths":11,"stat.drop.silentgems.sword":1,"stat.drop":1,"stat.pickup.minecraft.potato":1,"stat.pickup.silentgems.boots":1,"stat.playOneMinute":33206,"stat.pickup.minecraft.torch":10,"stat.sneakTime":1621,"stat.damageDealt":5847,"stat.timeSinceDeath":808,"stat.diveOneCm":2304}