{"stat.drop.hammertime.itemaxestone":1,"stat.useItem.silentgems.machete":98,"stat.pickup.minecraft.bone":4,"stat.craftItem.minecraft.jungle_boat":1,"stat.pickup.hammertime.itemaxestone":2,"stat.useItem.minecraft.iron_axe":78,"stat.leaveGame":9,"stat.mineBlock.minecraft.cobblestone":33,"stat.craftItem.silentgems.craftingmaterial":62,"stat.pickup.minecraft.flint":7,"stat.pickup.silentgems.sword":3,"stat.pickup.howlingmoon.wolfsbane":4,"stat.killEntity.vampirism.vampire":6,"stat.drop.minecraft.shield":1,"stat.swimOneCm":75847,"stat.climbOneCm":10064,"stat.craftItem.minecraft.shield":2,"stat.useItem.minecraft.planks":3,"stat.mineBlock.minecraft.web":3,"stat.drop.minecraft.cobblestone":2,"stat.pickup.minecraft.porkchop":28,"stat.craftItem.silentgems.chestplate":1,"stat.useItem.minecraft.obsidian":7,"stat.useItem.minecraft.dirt":62,"stat.useItem.minecraft.stone_slab2":87,"stat.useItem.minecraft.water_bucket":10,"stat.pickup.minecraft.rotten_flesh":12,"stat.useItem.minecraft.jungle_boat":1,"stat.pickup.minecraft.sand":2,"stat.useItem.silentgems.fluffypuffseeds":7,"stat.pickup.minecraft.enchanting_table":1,"stat.craftItem.minecraft.iron_boots":1,"stat.drop.minecraft.ender_pearl":1,"stat.killEntity.Enderman":1,"stat.pickup.simpleores.copper_ore":12,"stat.pickup.minecraft.cobblestone":926,"stat.pickup.vampirism.item_tent":3,"stat.flyOneCm":337322,"stat.mineBlock.minecraft.sand":1,"stat.craftItem.silentgems.helmet":1,"stat.mineBlock.quark.custom_chest":1,"stat.drop.minecraft.wheat_seeds":1,"stat.craftItem.minecraft.wooden_hoe":1,"stat.pickup.quark.tallow":30,"stat.pickup.minecraft.redstone":80,"stat.mineBlock.minecraft.iron_ore":17,"stat.pickup.vampirism.church_altar":2,"stat.timeSinceDeath":56578,"stat.useItem.minecraft.iron_pickaxe":162,"stat.drop.minecraft.diamond":3,"stat.drop.minecraft.spider_eye":1,"stat.entityKilledBy.vampirism.vampire":1,"stat.pickup.minecraft.mutton":14,"stat.craftItem.silentgems.machete":1,"stat.pickup.minecraft.double_plant":2,"stat.craftItem.silentgems.gemshard":9,"stat.useItem.minecraft.potato":5,"stat.furnaceInteraction":39,"stat.mineBlock.minecraft.enchanting_table":1,"stat.drop.minecraft.dirt":25,"stat.useItem.minecraft.cooked_porkchop":2,"stat.killEntity.ZombieVillager":1,"stat.mineBlock.minecraft.coal_ore":12,"stat.killEntity.Creeper":2,"stat.pickup.minecraft.string":20,"stat.pickup.minecraft.beef":37,"stat.pickup.minecraft.furnace":2,"stat.pickup.hammertime.itemshovelstone":2,"stat.craftItem.minecraft.stone_slab2":0,"stat.killEntity.Squid":1,"stat.sprintOneCm":322477,"stat.pickup.minecraft.iron_chestplate":1,"stat.pickup.vampirism.vampire_blood_bottle":1,"stat.useItem.minecraft.stone_stairs":6,"stat.craftItem.minecraft.stick":76,"stat.pickup.minecraft.stone_stairs":3,"stat.craftItem.minecraft.stone":59,"stat.useItem.minecraft.flint_and_steel":2,"stat.drop.minecraft.wooden_hoe":1,"stat.pickup.simpleores.onyx_gem":3,"stat.mineBlock.minecraft.crafting_table":1,"stat.drop.minecraft.leaves":1,"stat.useItem.minecraft.carrot":2,"stat.useItem.hammertime.itemhammerdiamond":6,"stat.useItem.minecraft.dye":10,"stat.craftItem.hammertime.itemshoveliron":1,"stat.craftItem.hammertime.itemhammerwood":1,"stat.useItem.minecraft.beef":6,"stat.mineBlock.howlingmoon.wolfsbane":4,"stat.mineBlock.minecraft.planks":7,"stat.deaths":7,"stat.drop":57,"stat.drop.silentgems.sword":2,"stat.pickup.minecraft.egg":3,"stat.playOneMinute":221389,"stat.killEntity.Sheep":7,"stat.useItem.hammertime.itemshovelstone":11,"stat.craftItem.minecraft.iron_pickaxe":1,"stat.killEntity.Zombie":13,"stat.drop.quark.pickarang":1,"stat.craftItem.minecraft.dye":12,"stat.mineBlock.silentgems.glowrose":46,"stat.mineBlock.minecraft.gold_ore":6,"stat.mineBlock.minecraft.tallgrass":45,"stat.pickup.minecraft.netherrack":1196,"stat.diveOneCm":35143,"stat.pickup.bountifulbaubles.potionwormhole":3,"stat.chestOpened":15,"stat.useItem.minecraft.stone":4,"stat.pickup.minecraft.gravel":66,"stat.pickup.minecraft.arrow":3,"stat.useItem.minecraft.apple":1,"stat.pickup.minecraft.obsidian":10,"stat.useItem.hammertime.itemhammeriron":10,"stat.jump":2825,"stat.useItem.minecraft.wooden_hoe":37,"stat.pickup.minecraft.coal":38,"stat.drop.bountifulbaubles.potionwormhole":1,"stat.fallOneCm":69007,"stat.pickup.minecraft.iron_ingot":6,"stat.pickup.simpleores.tin_ore":16,"stat.pickup.minecraft.carrot":3,"stat.pickup.quark.slate":17,"stat.pickup.minecraft.gunpowder":2,"stat.crouchOneCm":4265,"stat.drop.minecraft.gold_ore":1,"stat.pickup.minecraft.spider_eye":1,"stat.craftItem.minecraft.iron_ingot":55,"stat.craftItem.minecraft.chest":1,"stat.craftItem.minecraft.torch":80,"stat.pickup.minecraft.dirt":335,"stat.craftItem.minecraft.iron_helmet":3,"stat.pickup.vampirism.vampire_fang":1,"stat.craftingTableInteraction":61,"stat.pickup.minecraft.iron_ore":57,"stat.boatOneCm":210367,"stat.pickup.minecraft.gold_ore":4,"stat.mineBlock.minecraft.lapis_ore":3,"stat.craftItem.minecraft.flint_and_steel":1,"stat.drop.quark.tallow":1,"stat.pickup.silentgems.glowrose":43,"stat.pickup.minecraft.iron_axe":1,"stat.pickup.minecraft.leaves":2,"stat.pickup.quark.custom_chest":1,"stat.mineBlock.minecraft.stone_stairs":6,"stat.damageTaken":4726,"stat.pickup.minecraft.leather":19,"stat.pickup.minecraft.feather":9,"stat.mineBlock.minecraft.furnace":1,"stat.mineBlock.minecraft.torch":3,"stat.mineBlock.minecraft.red_flower":13,"stat.useItem.minecraft.reeds":15,"stat.mineBlock.minecraft.sapling":1,"stat.pickup.minecraft.dye":60,"stat.pickup.minecraft.planks":8,"stat.pickup.minecraft.reeds":16,"stat.drop.silentgems.gem":4,"stat.pickup.minecraft.wheat_seeds":6,"stat.pickup.minecraft.potato":8,"stat.entityKilledBy.Zombie":2,"stat.mineBlock.minecraft.gravel":17,"stat.craftItem.minecraft.iron_leggings":2,"stat.pickup.silentgems.fluffypuffseeds":3,"stat.damageDealt":16312,"stat.pickup.silentgems.soulgem":3,"stat.pickup.hammertime.itemhammeriron":1,"stat.killEntity.Cow":18,"stat.mineBlock.minecraft.dirt":29,"stat.killEntity.Pig":16,"stat.pickup.minecraft.chainmail_boots":1,"stat.walkOneCm":580275,"stat.useItem.minecraft.torch":17,"stat.drop.silentgems.machete":1,"stat.useItem.minecraft.bread":1,"stat.useItem.quark.custom_chest":14,"stat.pickup.minecraft.diamond_pickaxe":1,"stat.drop.minecraft.rotten_flesh":6,"stat.craftItem.quark.custom_chest":4,"stat.craftItem.silentgems.leggings":1,"stat.pickup.minecraft.crafting_table":1,"stat.useItem.minecraft.cobblestone":152,"stat.craftItem.minecraft.crafting_table":2,"stat.useItem.minecraft.gravel":51,"stat.mineBlock.minecraft.double_plant":7,"stat.craftItem.silentgems.armorframe":4,"stat.mineBlock.silentgems.gemoredark":2,"stat.pickup.minecraft.log":34,"stat.pickup.bountifulbaubles.potionrecall":1,"stat.useItem.minecraft.melon":28,"stat.pickup.minecraft.stone":173,"stat.craftItem.minecraft.iron_chestplate":2,"stat.craftItem.hammertime.itemhammerdiamond":2,"stat.drop.minecraft.sapling":2,"stat.pickup.silentgems.fluffypuff":8,"stat.killEntity.vampirism.advanced_vampire":1,"stat.pickup.minecraft.ender_pearl":1,"stat.pickup.minecraft.sapling":3,"stat.pickup.minecraft.apple":1,"stat.useItem.minecraft.netherrack":37,"stat.killEntity.Skeleton":1,"stat.pickup.silentgems.machete":1,"stat.craftItem.minecraft.bucket":1,"stat.pickup.silentgems.gem":58,"stat.craftItem.minecraft.planks":184,"stat.killEntity.Chicken":10,"stat.killEntity.Spider":2,"stat.pickup.minecraft.bread":1,"stat.killEntity.quark:dweller":1,"stat.mobKills":84,"stat.craftItem.silentgems.boots":1,"stat.mineBlock.minecraft.log":8,"stat.pickup.minecraft.quartz":21,"stat.useItem.quark.pickarang":105,"stat.pickup.minecraft.diamond":19,"stat.mineBlock.minecraft.leaves":222,"stat.pickup.minecraft.torch":5,"stat.pickup.minecraft.red_flower":1,"stat.sneakTime":2934,"stat.pickup.minecraft.wool":6,"stat.killEntity.quark:ashen":1,"stat.killEntity.Hunter":1,"stat.drop.hammertime.itemshovelstone":1,"stat.mineBlock.minecraft.stone":108,"stat.mineBlock.vampirism.church_altar":2,"stat.pickup.quark.pickarang":2}