{"stat.useItem.minecraft.bow":51,"stat.useItem.silentgems.machete":133,"stat.pickup.minecraft.wooden_slab":109,"stat.leaveGame":14,"stat.pickup.silentgems.guide_book":2,"stat.craftItem.silentgems.craftingmaterial":75,"stat.craftItem.minecraft.iron_axe":1,"stat.pickup.silentgems.sword":6,"stat.killEntity.vampirism.vampire":12,"stat.drop.hammertime.itemhammerdiamond":1,"stat.drop.minecraft.shield":9,"stat.useItem.minecraft.mutton":3,"stat.killEntity.PigZombie":1,"stat.craftItem.minecraft.shield":3,"stat.useItem.minecraft.planks":11,"stat.mineBlock.minecraft.web":3,"stat.pickup.minecraft.porkchop":48,"stat.craftItem.silentgems.chestplate":1,"stat.useItem.minecraft.water_bucket":10,"stat.pickup.minecraft.rotten_flesh":33,"stat.pickup.minecraft.sand":3,"stat.killEntity.Enderman":1,"stat.mineBlock.minecraft.wooden_slab":86,"stat.mineBlock.minecraft.sand":1,"stat.killEntity.Witch":1,"stat.drop.minecraft.sand":1,"stat.craftItem.minecraft.wooden_hoe":1,"stat.pickup.quark.tallow":51,"stat.pickup.vampirism.church_altar":2,"stat.useItem.minecraft.iron_pickaxe":168,"stat.drop.minecraft.diamond":3,"stat.entityKilledBy.vampirism.vampire":1,"stat.drop.minecraft.cooked_mutton":1,"stat.pickup.minecraft.double_plant":2,"stat.craftItem.silentgems.gemshard":9,"stat.drop.minecraft.diamond_chestplate":17,"stat.mineBlock.minecraft.vine":12,"stat.craftItem.minecraft.golden_carrot":3,"stat.furnaceInteraction":78,"stat.useItem.minecraft.golden_carrot":3,"stat.killEntity.ZombieVillager":1,"stat.pickup.minecraft.beef":120,"stat.pickup.quark.crab_leg":1,"stat.pickup.minecraft.furnace":5,"stat.useItem.minecraft.cooked_mutton":34,"stat.drop.minecraft.diamond_helmet":6,"stat.pickup.hammertime.itemshovelstone":2,"stat.pickup.minecraft.iron_chestplate":1,"stat.drop.silentgems.guide_book":1,"stat.useItem.minecraft.stone_stairs":6,"stat.killEntity.Horse":2,"stat.pickup.minecraft.stone_stairs":3,"stat.pickup.mowziesmobs.foliaath_seed":8,"stat.useItem.minecraft.flint_and_steel":2,"stat.drop.minecraft.wooden_hoe":1,"stat.drop.minecraft.snowball":1,"stat.useItem.minecraft.dye":10,"stat.craftItem.hammertime.itemshoveliron":1,"stat.craftItem.hammertime.itemhammerwood":1,"stat.useItem.minecraft.beef":6,"stat.deaths":15,"stat.pickup.minecraft.egg":7,"stat.playOneMinute":528720,"stat.drop.minecraft.string":12,"stat.craftItem.minecraft.iron_pickaxe":2,"stat.mineBlock.minecraft.tallgrass":94,"stat.pickup.minecraft.netherrack":1196,"stat.craftItem.minecraft.cooked_mutton":35,"stat.pickup.bountifulbaubles.potionwormhole":9,"stat.chestOpened":31,"stat.killEntity.quark:crab":1,"stat.useItem.minecraft.stone":4,"stat.pickup.minecraft.arrow":25,"stat.pickup.minecraft.iron_sword":1,"stat.pickup.silentgems.craftingmaterial":16,"stat.pickup.minecraft.gold_nugget":1,"stat.useItem.hammertime.itemhammeriron":10,"stat.drop.minecraft.iron_pickaxe":5,"stat.fallOneCm":178994,"stat.drop.vampirism.vampire_blood_bottle":9,"stat.pickup.simpleores.tin_ore":16,"stat.pickup.minecraft.carrot":16,"stat.pickup.quark.slate":17,"stat.crouchOneCm":55525,"stat.drop.minecraft.gold_ore":1,"stat.craftItem.minecraft.iron_ingot":74,"stat.craftItem.minecraft.chest":1,"stat.useItem.minecraft.iron_hoe":73,"stat.craftingTableInteraction":92,"stat.drop.quark.tallow":1,"stat.pickup.silentgems.glowrose":43,"stat.pickup.minecraft.feather":20,"stat.drop.minecraft.bone":6,"stat.useItem.minecraft.reeds":15,"stat.entityKilledBy.Hunter":2,"stat.drop.mowziesmobs.foliaath_seed":1,"stat.pickup.minecraft.dye":60,"stat.pickup.minecraft.planks":28,"stat.drop.silentgems.gem":4,"stat.pickup.minecraft.wheat_seeds":14,"stat.mineBlock.minecraft.gravel":17,"stat.craftItem.minecraft.iron_leggings":2,"stat.pickup.silentgems.soulgem":12,"stat.mineBlock.minecraft.dirt":34,"stat.pickup.minecraft.chainmail_boots":1,"stat.pickup.minecraft.poisonous_potato":2,"stat.drop.minecraft.stick":1,"stat.drop.minecraft.iron_axe":3,"stat.useItem.minecraft.torch":17,"stat.useItem.minecraft.bread":2,"stat.drop.minecraft.rotten_flesh":14,"stat.pickup.minecraft.crafting_table":2,"stat.useItem.minecraft.log":266,"stat.useItem.minecraft.cobblestone":187,"stat.craftItem.minecraft.crafting_table":3,"stat.useItem.minecraft.gravel":51,"stat.mineBlock.minecraft.double_plant":7,"stat.craftItem.silentgems.armorframe":4,"stat.pickup.minecraft.iron_hoe":1,"stat.pickup.minecraft.log":50,"stat.pickup.minecraft.iron_pickaxe":5,"stat.pickup.usefulbackpacks.backpack":6,"stat.craftItem.usefulbackpacks.backpack":4,"stat.craftItem.minecraft.gold_ingot":2,"stat.drop.minecraft.sapling":3,"stat.pickup.minecraft.chicken":6,"stat.drop.minecraft.gold_nugget":1,"stat.killEntity.vampirism.advanced_vampire":2,"stat.pickup.minecraft.sapling":7,"stat.pickup.minecraft.apple":2,"stat.drop.minecraft.bow":5,"stat.pickup.silentgems.machete":3,"stat.craftItem.minecraft.bucket":1,"stat.pickup.silentgems.gem":58,"stat.craftItem.minecraft.planks":980,"stat.useItem.minecraft.iron_sword":2,"stat.pickup.minecraft.diamond_helmet":5,"stat.craftItem.silentgems.boots":1,"stat.mineBlock.minecraft.log":23,"stat.drop.silentgems.scepter":1,"stat.pickup.vampirism.human_heart":2,"stat.pickup.minecraft.red_flower":2,"stat.sneakTime":23857,"stat.pickup.minecraft.wool":23,"stat.killEntity.Hunter":1,"stat.drop.hammertime.itemshovelstone":1,"stat.pickup.quark.pickarang":2,"stat.craftItem.minecraft.diamond_chestplate":1,"stat.drop.hammertime.itemaxestone":1,"stat.pickup.minecraft.bone":24,"stat.craftItem.minecraft.jungle_boat":3,"stat.craftItem.minecraft.diamond_leggings":1,"stat.pickup.hammertime.itemaxestone":2,"stat.useItem.minecraft.iron_axe":187,"stat.mineBlock.minecraft.cobblestone":36,"stat.pickup.minecraft.flint":7,"stat.pickup.howlingmoon.wolfsbane":4,"stat.useItem.minecraft.diamond_sword":587,"stat.craftItem.minecraft.diamond_helmet":1,"stat.swimOneCm":128367,"stat.climbOneCm":14484,"stat.drop.minecraft.cobblestone":20,"stat.pickup.minecraft.cooked_porkchop":148,"stat.useItem.minecraft.obsidian":7,"stat.useItem.minecraft.dirt":98,"stat.useItem.minecraft.stone_slab2":132,"stat.pickup.minecraft.bow":5,"stat.pickup.minecraft.iron_boots":2,"stat.useItem.quark.crab_leg":1,"stat.useItem.minecraft.jungle_boat":12,"stat.craftItem.minecraft.furnace":2,"stat.useItem.silentgems.fluffypuffseeds":7,"stat.pickup.minecraft.enchanting_table":1,"stat.useItem.minecraft.egg":3,"stat.craftItem.minecraft.iron_boots":1,"stat.drop.minecraft.ender_pearl":1,"stat.pickup.simpleores.copper_ore":12,"stat.pickup.minecraft.cobblestone":1179,"stat.drop.silentgems.fluffypuffseeds":4,"stat.mineBlock.minecraft.carpet":12,"stat.craftItem.minecraft.bow":1,"stat.pickup.vampirism.item_tent":4,"stat.pickup.silentgems.food":1,"stat.pickup.minecraft.diamond_leggings":7,"stat.flyOneCm":1006648,"stat.drop.minecraft.iron_helmet":1,"stat.craftItem.silentgems.helmet":1,"stat.mineBlock.quark.custom_chest":1,"stat.drop.minecraft.wheat_seeds":5,"stat.craftItem.minecraft.wooden_slab":1004,"stat.useItem.minecraft.cooked_beef":15,"stat.pickup.minecraft.redstone":80,"stat.mineBlock.minecraft.iron_ore":17,"stat.timeSinceDeath":755,"stat.pickup.vampirism.vampire_book":1,"stat.drop.minecraft.log":1,"stat.drop.minecraft.spider_eye":19,"stat.useItem.minecraft.wooden_slab":908,"stat.pickup.minecraft.mutton":71,"stat.craftItem.silentgems.machete":2,"stat.pickup.minecraft.mossy_cobblestone":1,"stat.useItem.minecraft.potato":70,"stat.mineBlock.minecraft.enchanting_table":1,"stat.drop.minecraft.dirt":35,"stat.killEntity.Wolf":2,"stat.useItem.minecraft.cooked_porkchop":11,"stat.pickup.minecraft.iron_shovel":7,"stat.pickup.minecraft.carpet":12,"stat.killEntity.vampirism.vampire_hunter":5,"stat.mineBlock.minecraft.coal_ore":12,"stat.killEntity.Creeper":5,"stat.pickup.minecraft.shield":8,"stat.pickup.minecraft.string":76,"stat.drop.usefulbackpacks.backpack":8,"stat.craftItem.minecraft.stone_slab2":0,"stat.useItem.vampirism.vampire_book":2,"stat.killEntity.Squid":3,"stat.sprintOneCm":849167,"stat.pickup.vampirism.vampire_blood_bottle":9,"stat.craftItem.minecraft.stick":84,"stat.pickup.quark.crab_shell":1,"stat.craftItem.minecraft.stone":59,"stat.craftItem.minecraft.gold_nugget":27,"stat.pickup.simpleores.onyx_gem":3,"stat.mineBlock.minecraft.crafting_table":2,"stat.drop.minecraft.leaves":1,"stat.useItem.minecraft.carrot":9,"stat.useItem.hammertime.itemhammerdiamond":7,"stat.pickup.minecraft.diamond_chestplate":18,"stat.mineBlock.howlingmoon.wolfsbane":4,"stat.mineBlock.minecraft.planks":15,"stat.drop":237,"stat.drop.silentgems.sword":4,"stat.killEntity.Sheep":23,"stat.useItem.hammertime.itemshovelstone":11,"stat.drop.minecraft.iron_boots":1,"stat.killEntity.Zombie":29,"stat.drop.quark.pickarang":1,"stat.craftItem.minecraft.dye":12,"stat.mineBlock.silentgems.glowrose":46,"stat.pickup.minecraft.snowball":1,"stat.mineBlock.minecraft.gold_ore":6,"stat.diveOneCm":91649,"stat.drop.minecraft.diamond_pickaxe":3,"stat.drop.silentgems.craftingmaterial":15,"stat.pickup.minecraft.gravel":66,"stat.craftItem.minecraft.cooked_porkchop":46,"stat.useItem.minecraft.apple":1,"stat.pickup.minecraft.obsidian":30,"stat.useItem.minecraft.rotten_flesh":2,"stat.drop.minecraft.cooked_porkchop":185,"stat.pickup.minecraft.diamond_sword":7,"stat.craftItem.minecraft.diamond_sword":1,"stat.jump":6552,"stat.useItem.minecraft.wooden_hoe":37,"stat.pickup.minecraft.coal":61,"stat.drop.bountifulbaubles.potionwormhole":9,"stat.pickup.minecraft.iron_helmet":2,"stat.pickup.minecraft.iron_ingot":13,"stat.drop.minecraft.diamond_sword":8,"stat.pickup.minecraft.gunpowder":7,"stat.pickup.minecraft.spider_eye":28,"stat.craftItem.minecraft.torch":80,"stat.pickup.minecraft.dirt":611,"stat.craftItem.minecraft.iron_helmet":3,"stat.drop.minecraft.iron_shovel":6,"stat.pickup.vampirism.vampire_fang":1,"stat.pickup.minecraft.iron_ore":57,"stat.drop.quark.crab_shell":1,"stat.boatOneCm":378359,"stat.pickup.minecraft.gold_ore":4,"stat.mineBlock.minecraft.lapis_ore":3,"stat.craftItem.minecraft.flint_and_steel":1,"stat.pickup.minecraft.iron_axe":4,"stat.pickup.minecraft.leaves":2,"stat.pickup.quark.custom_chest":1,"stat.mineBlock.minecraft.stone_stairs":6,"stat.damageTaken":19165,"stat.pickup.minecraft.leather":60,"stat.mineBlock.minecraft.furnace":4,"stat.mineBlock.minecraft.torch":3,"stat.mineBlock.minecraft.red_flower":13,"stat.mineBlock.minecraft.sapling":1,"stat.pickup.minecraft.reeds":16,"stat.pickup.minecraft.bed":2,"stat.pickup.minecraft.potato":127,"stat.entityKilledBy.Zombie":6,"stat.pickup.silentgems.fluffypuffseeds":15,"stat.damageDealt":67472,"stat.pickup.hammertime.itemhammeriron":1,"stat.sleepInBed":1,"stat.killEntity.Cow":61,"stat.killEntity.Pig":28,"stat.useItem.silentgems.food":1,"stat.walkOneCm":1176519,"stat.drop.silentgems.machete":4,"stat.useItem.quark.custom_chest":34,"stat.pickup.minecraft.stick":1,"stat.pickup.minecraft.diamond_pickaxe":6,"stat.craftItem.quark.custom_chest":21,"stat.craftItem.silentgems.leggings":1,"stat.drop.bountifulbaubles.potionrecall":1,"stat.mineBlock.silentgems.gemoredark":2,"stat.pickup.bountifulbaubles.potionrecall":2,"stat.useItem.minecraft.melon":28,"stat.craftItem.minecraft.diamond_boots":1,"stat.useItem.scalinghealth.heartcontainer":2,"stat.pickup.minecraft.stone":212,"stat.craftItem.minecraft.iron_chestplate":2,"stat.craftItem.hammertime.itemhammerdiamond":2,"stat.craftItem.silentgems.scepter":2,"stat.pickup.silentgems.fluffypuff":67,"stat.pickup.scalinghealth.heartcontainer":2,"stat.drop.minecraft.diamond_leggings":8,"stat.drop.minecraft.potato":38,"stat.pickup.minecraft.ender_pearl":1,"stat.pickup.minecraft.cooked_beef":15,"stat.useItem.minecraft.netherrack":37,"stat.pickup.minecraft.gold_ingot":1,"stat.killEntity.Stray":2,"stat.killEntity.Skeleton":10,"stat.pickup.vampirism.holy_salt":1,"stat.killEntity.Chicken":16,"stat.killEntity.Spider":77,"stat.pickup.minecraft.bread":1,"stat.killEntity.quark:dweller":1,"stat.mobKills":296,"stat.drop.minecraft.diamond_boots":4,"stat.pickup.minecraft.diamond_boots":3,"stat.pickup.minecraft.quartz":21,"stat.useItem.quark.pickarang":105,"stat.pickup.minecraft.diamond":27,"stat.mineBlock.minecraft.leaves":260,"stat.pickup.minecraft.torch":5,"stat.drop.minecraft.arrow":11,"stat.killEntity.quark:ashen":1,"stat.pickup.minecraft.jungle_boat":11,"stat.mineBlock.minecraft.stone":108,"stat.pickup.silentgems.scepter":1,"stat.mineBlock.vampirism.church_altar":2}