{"stat.pickup.minecraft.log":27,"stat.flyOneCm":4467,"stat.pickup.minecraft.sand":1,"stat.walkOneCm":13904,"stat.jump":47,"stat.swimOneCm":234,"stat.mineBlock.minecraft.sand":1,"stat.mineBlock.minecraft.leaves":1,"stat.playOneMinute":8990,"stat.fallOneCm":698,"stat.climbOneCm":271,"stat.craftItem.minecraft.planks":56,"stat.leaveGame":1,"stat.sneakTime":442,"stat.damageTaken":58,"stat.damageDealt":105,"stat.craftItem.minecraft.crafting_table":1,"stat.crouchOneCm":58,"stat.timeSinceDeath":8990,"stat.sprintOneCm":4821,"stat.useItem.minecraft.stone_slab2":1,"stat.mineBlock.minecraft.log":4}