{"stat.drop.hammertime.itemaxestone":1,"stat.pickup.hammertime.itemaxestone":2,"stat.useItem.minecraft.iron_axe":78,"stat.leaveGame":6,"stat.mineBlock.minecraft.cobblestone":33,"stat.craftItem.silentgems.craftingmaterial":12,"stat.swimOneCm":37978,"stat.climbOneCm":953,"stat.craftItem.minecraft.shield":1,"stat.useItem.minecraft.planks":3,"stat.useItem.minecraft.obsidian":7,"stat.useItem.minecraft.dirt":2,"stat.useItem.minecraft.stone_slab2":27,"stat.useItem.minecraft.water_bucket":10,"stat.pickup.minecraft.rotten_flesh":6,"stat.pickup.minecraft.sand":1,"stat.pickup.minecraft.enchanting_table":1,"stat.craftItem.minecraft.iron_boots":1,"stat.pickup.minecraft.cobblestone":225,"stat.flyOneCm":102716,"stat.mineBlock.minecraft.sand":1,"stat.craftItem.minecraft.wooden_hoe":1,"stat.mineBlock.minecraft.iron_ore":17,"stat.pickup.vampirism.church_altar":2,"stat.timeSinceDeath":13150,"stat.useItem.minecraft.iron_pickaxe":162,"stat.drop.minecraft.diamond":3,"stat.drop.minecraft.spider_eye":1,"stat.craftItem.silentgems.machete":1,"stat.furnaceInteraction":35,"stat.mineBlock.minecraft.enchanting_table":1,"stat.useItem.minecraft.cooked_porkchop":2,"stat.killEntity.ZombieVillager":1,"stat.mineBlock.minecraft.coal_ore":12,"stat.killEntity.Creeper":2,"stat.pickup.minecraft.string":2,"stat.pickup.minecraft.furnace":2,"stat.pickup.hammertime.itemshovelstone":1,"stat.craftItem.minecraft.stone_slab2":0,"stat.sprintOneCm":119258,"stat.pickup.minecraft.iron_chestplate":1,"stat.useItem.minecraft.stone_stairs":6,"stat.craftItem.minecraft.stick":20,"stat.pickup.minecraft.stone_stairs":3,"stat.craftItem.minecraft.stone":59,"stat.useItem.minecraft.flint_and_steel":2,"stat.mineBlock.minecraft.crafting_table":1,"stat.craftItem.hammertime.itemhammerwood":1,"stat.mineBlock.minecraft.planks":7,"stat.deaths":2,"stat.drop":17,"stat.playOneMinute":97712,"stat.useItem.hammertime.itemshovelstone":11,"stat.craftItem.minecraft.iron_pickaxe":1,"stat.killEntity.Zombie":8,"stat.drop.quark.pickarang":1,"stat.mineBlock.minecraft.gold_ore":6,"stat.mineBlock.minecraft.tallgrass":1,"stat.diveOneCm":8530,"stat.chestOpened":4,"stat.useItem.minecraft.stone":4,"stat.pickup.minecraft.obsidian":10,"stat.useItem.hammertime.itemhammeriron":10,"stat.jump":864,"stat.useItem.minecraft.wooden_hoe":1,"stat.pickup.minecraft.coal":26,"stat.fallOneCm":21394,"stat.pickup.minecraft.iron_ingot":6,"stat.pickup.minecraft.gunpowder":2,"stat.crouchOneCm":2158,"stat.drop.minecraft.gold_ore":1,"stat.pickup.minecraft.spider_eye":1,"stat.craftItem.minecraft.iron_ingot":44,"stat.craftItem.minecraft.chest":1,"stat.pickup.minecraft.dirt":13,"stat.craftItem.minecraft.iron_helmet":2,"stat.craftingTableInteraction":32,"stat.pickup.minecraft.iron_ore":49,"stat.pickup.minecraft.gold_ore":4,"stat.mineBlock.minecraft.lapis_ore":3,"stat.craftItem.minecraft.flint_and_steel":1,"stat.pickup.minecraft.iron_axe":1,"stat.mineBlock.minecraft.stone_stairs":6,"stat.damageTaken":2112,"stat.mineBlock.minecraft.furnace":1,"stat.mineBlock.minecraft.torch":1,"stat.pickup.minecraft.dye":35,"stat.pickup.minecraft.planks":7,"stat.drop.silentgems.gem":4,"stat.entityKilledBy.Zombie":1,"stat.craftItem.minecraft.iron_leggings":2,"stat.damageDealt":4016,"stat.pickup.hammertime.itemhammeriron":1,"stat.mineBlock.minecraft.dirt":8,"stat.pickup.minecraft.chainmail_boots":1,"stat.walkOneCm":147194,"stat.pickup.minecraft.diamond_pickaxe":1,"stat.drop.minecraft.rotten_flesh":6,"stat.pickup.minecraft.crafting_table":1,"stat.useItem.minecraft.cobblestone":140,"stat.craftItem.minecraft.crafting_table":1,"stat.mineBlock.silentgems.gemoredark":2,"stat.pickup.minecraft.log":28,"stat.useItem.minecraft.melon":28,"stat.pickup.minecraft.stone":33,"stat.craftItem.minecraft.iron_chestplate":2,"stat.craftItem.hammertime.itemhammerdiamond":1,"stat.craftItem.minecraft.bucket":1,"stat.pickup.silentgems.gem":8,"stat.craftItem.minecraft.planks":60,"stat.killEntity.Spider":2,"stat.killEntity.quark:dweller":1,"stat.mobKills":16,"stat.mineBlock.minecraft.log":4,"stat.useItem.quark.pickarang":105,"stat.pickup.minecraft.diamond":19,"stat.mineBlock.minecraft.leaves":3,"stat.pickup.minecraft.torch":2,"stat.sneakTime":1524,"stat.killEntity.quark:ashen":1,"stat.mineBlock.minecraft.stone":108,"stat.mineBlock.vampirism.church_altar":2,"stat.pickup.quark.pickarang":2}